section_id,cited_section_id,act,citation_path,phrase,bound_kind,bound_date,bound_year,bound_precision,phrase_match,batch_id,prompt_sha256,context_used
13554,13554,ITA,110(1)(d),"has agreed after February 15, 1984 to sell or issue under an agreement",start,1984-02-15,,day,exact,msgbatch_01MAMQYzwFgpXmFNT65qsCPu,105e4ae4d8e52a8264a85f937a329ac261025c3f3a2c4e8ffe45914bac17f16e,
13778,13706,ITA,110.1(18),"after November 14, 2024",start,2024-11-14,,day,exact,msgbatch_01MAMQYzwFgpXmFNT65qsCPu,105e4ae4d8e52a8264a85f937a329ac261025c3f3a2c4e8ffe45914bac17f16e,
13778,13706,ITA,110.1(18),before 2025,end,,2025,year,exact,msgbatch_01MAMQYzwFgpXmFNT65qsCPu,105e4ae4d8e52a8264a85f937a329ac261025c3f3a2c4e8ffe45914bac17f16e,
13778,13706,ITA,110.1(18),before March 2025,end,2025-03,,month,exact,msgbatch_01MAMQYzwFgpXmFNT65qsCPu,105e4ae4d8e52a8264a85f937a329ac261025c3f3a2c4e8ffe45914bac17f16e,
13739,13706,ITA,110.1(3)(a),"in the case of a gift made after December 20, 2002",start,2002-12-20,,day,exact,msgbatch_01MAMQYzwFgpXmFNT65qsCPu,105e4ae4d8e52a8264a85f937a329ac261025c3f3a2c4e8ffe45914bac17f16e,
13786,13783,ITA,"110.2(1)""eligible taxation year""(a)",that ended after 1977,start,,1977,year,exact,msgbatch_01MAMQYzwFgpXmFNT65qsCPu,105e4ae4d8e52a8264a85f937a329ac261025c3f3a2c4e8ffe45914bac17f16e,
13812,13806,ITA,"110.6(1)""cumulative gains limit""(a)",preceding taxation years that end after 1984,start,,1984,year,exact,msgbatch_01MAMQYzwFgpXmFNT65qsCPu,105e4ae4d8e52a8264a85f937a329ac261025c3f3a2c4e8ffe45914bac17f16e,
13814,13806,ITA,"110.6(1)""cumulative gains limit""(b)",preceding taxation years that end after 1984,start,,1984,year,exact,msgbatch_01MAMQYzwFgpXmFNT65qsCPu,105e4ae4d8e52a8264a85f937a329ac261025c3f3a2c4e8ffe45914bac17f16e,
13819,13806,ITA,"110.6(1)""cumulative net investment loss""(a)",a preceding taxation year ending after 1987,start,,1987,year,exact,msgbatch_01MAMQYzwFgpXmFNT65qsCPu,105e4ae4d8e52a8264a85f937a329ac261025c3f3a2c4e8ffe45914bac17f16e,
13821,13806,ITA,"110.6(1)""cumulative net investment loss""(b)",a preceding taxation year ending after 1987,start,,1987,year,exact,msgbatch_01MAMQYzwFgpXmFNT65qsCPu,105e4ae4d8e52a8264a85f937a329ac261025c3f3a2c4e8ffe45914bac17f16e,
13935,13806,ITA,110.6(1.3)(c),"after June 17, 1987",start,1987-06-17,,day,exact,msgbatch_01MAMQYzwFgpXmFNT65qsCPu,105e4ae4d8e52a8264a85f937a329ac261025c3f3a2c4e8ffe45914bac17f16e,
13935,13806,ITA,110.6(1.3)(c),"before June 18, 1987",end,1987-06-18,,day,exact,msgbatch_01MAMQYzwFgpXmFNT65qsCPu,105e4ae4d8e52a8264a85f937a329ac261025c3f3a2c4e8ffe45914bac17f16e,
13984,13806,ITA,110.6(11)(a),"allocated or distributed to the individual after November 21, 1985",start,1985-11-21,,day,exact,msgbatch_01MAMQYzwFgpXmFNT65qsCPu,105e4ae4d8e52a8264a85f937a329ac261025c3f3a2c4e8ffe45914bac17f16e,
13985,13806,ITA,110.6(11)(b),"allocated or distributed to it after November 21, 1985",start,1985-11-21,,day,exact,msgbatch_01MAMQYzwFgpXmFNT65qsCPu,105e4ae4d8e52a8264a85f937a329ac261025c3f3a2c4e8ffe45914bac17f16e,
13997,13806,ITA,110.6(14)(f),"shares issued after June 13, 1988",start,1988-06-13,,day,exact,msgbatch_01MAMQYzwFgpXmFNT65qsCPu,105e4ae4d8e52a8264a85f937a329ac261025c3f3a2c4e8ffe45914bac17f16e,
14019,13806,ITA,110.6(17),a taxation year that ended before 1990,end,,1990,year,exact,msgbatch_01MAMQYzwFgpXmFNT65qsCPu,105e4ae4d8e52a8264a85f937a329ac261025c3f3a2c4e8ffe45914bac17f16e,
14022,13806,ITA,110.6(19)(a),"owned at the end of February 22, 1994 by the elector",at,1994-02-22,,day,exact,msgbatch_01VXS4B4na17QrTVMPFLjs8f,cac8c075da7afb4bade5f8a660c0932dc8998789912e81a958adf8778317496d,parent+children
14037,13806,ITA,110.6(19)(b),"a business carried on by the elector (otherwise than as a member of a partnership) on February 22, 1994",at,1994-02-22,,day,exact,msgbatch_01VXS4B4na17QrTVMPFLjs8f,cac8c075da7afb4bade5f8a660c0932dc8998789912e81a958adf8778317496d,parent+children
14043,13806,ITA,110.6(19)(c),"an interest owned at the end of February 22, 1994 by the elector",at,1994-02-22,,day,exact,msgbatch_01VXS4B4na17QrTVMPFLjs8f,cac8c075da7afb4bade5f8a660c0932dc8998789912e81a958adf8778317496d,parent+children
14043,13806,ITA,110.6(19)(c),"from the disposition on February 22, 1994 of property",at,1994-02-22,,day,exact,msgbatch_01VXS4B4na17QrTVMPFLjs8f,cac8c075da7afb4bade5f8a660c0932dc8998789912e81a958adf8778317496d,parent+children
14045,13806,ITA,110.6(19)(c)(ii),"disposed of at the end of February 22, 1994",at,1994-02-22,,day,exact,msgbatch_01VXS4B4na17QrTVMPFLjs8f,cac8c075da7afb4bade5f8a660c0932dc8998789912e81a958adf8778317496d,parent
13948,13806,ITA,110.6(2),who disposed of before 2014 property that was qualified farm property or qualified fishing property at the time of disposition,end,,2014,year,exact,msgbatch_01MAMQYzwFgpXmFNT65qsCPu,105e4ae4d8e52a8264a85f937a329ac261025c3f3a2c4e8ffe45914bac17f16e,
13950,13806,ITA,110.6(2)(a)~f1,"after October 17, 2000",start,2000-10-17,,day,exact,msgbatch_01MAMQYzwFgpXmFNT65qsCPu,105e4ae4d8e52a8264a85f937a329ac261025c3f3a2c4e8ffe45914bac17f16e,
13950,13806,ITA,110.6(2)(a)~f1,before 1988,end,,1988,year,exact,msgbatch_01MAMQYzwFgpXmFNT65qsCPu,105e4ae4d8e52a8264a85f937a329ac261025c3f3a2c4e8ffe45914bac17f16e,
13950,13806,ITA,110.6(2)(a)~f1,began after 1987 and ended before 1990,start,,1987,year,exact,msgbatch_01MAMQYzwFgpXmFNT65qsCPu,105e4ae4d8e52a8264a85f937a329ac261025c3f3a2c4e8ffe45914bac17f16e,
13950,13806,ITA,110.6(2)(a)~f1,began after 1987 and ended before 1990,end,,1990,year,exact,msgbatch_01MAMQYzwFgpXmFNT65qsCPu,105e4ae4d8e52a8264a85f937a329ac261025c3f3a2c4e8ffe45914bac17f16e,
13950,13806,ITA,110.6(2)(a)~f1,"began after February 27, 2000 and ended before October 18, 2000",start,2000-02-27,,day,exact,msgbatch_01MAMQYzwFgpXmFNT65qsCPu,105e4ae4d8e52a8264a85f937a329ac261025c3f3a2c4e8ffe45914bac17f16e,
13950,13806,ITA,110.6(2)(a)~f1,"began after February 27, 2000 and ended before October 18, 2000",end,2000-10-18,,day,exact,msgbatch_01MAMQYzwFgpXmFNT65qsCPu,105e4ae4d8e52a8264a85f937a329ac261025c3f3a2c4e8ffe45914bac17f16e,
13950,13806,ITA,110.6(2)(a)~f1,"does not end after February 27, 2000 and before October 18, 2000",step_down,2000-02-27,,day,exact,msgbatch_01MAMQYzwFgpXmFNT65qsCPu,105e4ae4d8e52a8264a85f937a329ac261025c3f3a2c4e8ffe45914bac17f16e,
13950,13806,ITA,110.6(2)(a)~f1,ended after 1987 and before 1990,start,,1987,year,exact,msgbatch_01MAMQYzwFgpXmFNT65qsCPu,105e4ae4d8e52a8264a85f937a329ac261025c3f3a2c4e8ffe45914bac17f16e,
13950,13806,ITA,110.6(2)(a)~f1,ended after 1987 and before 1990,end,,1990,year,exact,msgbatch_01MAMQYzwFgpXmFNT65qsCPu,105e4ae4d8e52a8264a85f937a329ac261025c3f3a2c4e8ffe45914bac17f16e,
13950,13806,ITA,110.6(2)(a)~f1,"ended after 1989 and before February 28, 2000",start,,1989,year,exact,msgbatch_01MAMQYzwFgpXmFNT65qsCPu,105e4ae4d8e52a8264a85f937a329ac261025c3f3a2c4e8ffe45914bac17f16e,
13950,13806,ITA,110.6(2)(a)~f1,"ended after 1989 and before February 28, 2000",end,2000-02-28,,day,exact,msgbatch_01MAMQYzwFgpXmFNT65qsCPu,105e4ae4d8e52a8264a85f937a329ac261025c3f3a2c4e8ffe45914bac17f16e,
13950,13806,ITA,110.6(2)(a)~f1,"ends after February 27, 2000 and before October 18, 2000",step_down,2000-02-27,,day,exact,msgbatch_01MAMQYzwFgpXmFNT65qsCPu,105e4ae4d8e52a8264a85f937a329ac261025c3f3a2c4e8ffe45914bac17f16e,
13950,13806,ITA,110.6(2)(a)~f1,"ends after February 27, 2000 and before October 18, 2000",step_down,2000-10-18,,day,exact,msgbatch_01MAMQYzwFgpXmFNT65qsCPu,105e4ae4d8e52a8264a85f937a329ac261025c3f3a2c4e8ffe45914bac17f16e,
13950,13806,ITA,110.6(2)(a)~f1,"taxation years that ended before February 28, 2000",end,2000-02-28,,day,exact,msgbatch_01MAMQYzwFgpXmFNT65qsCPu,105e4ae4d8e52a8264a85f937a329ac261025c3f3a2c4e8ffe45914bac17f16e,
13954,13806,ITA,110.6(2.1),"after June 17, 1987",start,1987-06-17,,day,exact,msgbatch_01MAMQYzwFgpXmFNT65qsCPu,105e4ae4d8e52a8264a85f937a329ac261025c3f3a2c4e8ffe45914bac17f16e,
13959,13806,ITA,110.6(2.2),"on or after June 25, 2024",start,2024-06-25,,day,exact,msgbatch_01994ACyYJVJfcoySYAdCGaw,5d4fbebf557535ebdcf651adda9f3b9d12093e3e7b3da50aedc79177fb876a4a,
13959,13806,ITA,110.6(2.2),"taxation year that includes June 25, 2024",at,2024-06-25,,day,exact,msgbatch_01994ACyYJVJfcoySYAdCGaw,5d4fbebf557535ebdcf651adda9f3b9d12093e3e7b3da50aedc79177fb876a4a,
13963,13806,ITA,110.6(2.2)(d),"disposed of by the individual on or after June 25, 2024",start,2024-06-25,,day,exact,msgbatch_01MAMQYzwFgpXmFNT65qsCPu,105e4ae4d8e52a8264a85f937a329ac261025c3f3a2c4e8ffe45914bac17f16e,
14053,13806,ITA,110.6(20)(a)(ii),"its fair market value at the end of February 22, 1994",at,1994-02-22,,day,exact,msgbatch_01VXS4B4na17QrTVMPFLjs8f,cac8c075da7afb4bade5f8a660c0932dc8998789912e81a958adf8778317496d,parent
14054,13806,ITA,110.6(20)(a)(iii),"the fair market value at the end of February 22, 1994",at,1994-02-22,,day,exact,msgbatch_01VXS4B4na17QrTVMPFLjs8f,cac8c075da7afb4bade5f8a660c0932dc8998789912e81a958adf8778317496d,parent
14056,13806,ITA,110.6(20)(b)(i),"who was a beneficiary under the trust at the end of February 22, 1994",at,1994-02-22,,day,exact,msgbatch_01VXS4B4na17QrTVMPFLjs8f,cac8c075da7afb4bade5f8a660c0932dc8998789912e81a958adf8778317496d,parent
14061,13806,ITA,110.6(21)(b),"where the property was at the end of February 22, 1994 an interest in or a share of the capital stock of a flow-through entity",at,1994-02-22,,day,exact,msgbatch_01994ACyYJVJfcoySYAdCGaw,5d4fbebf557535ebdcf651adda9f3b9d12093e3e7b3da50aedc79177fb876a4a,
14066,13806,ITA,110.6(22)(b),"at the end of February 22, 1994",end,1994-02-22,,day,exact,msgbatch_01MAMQYzwFgpXmFNT65qsCPu,105e4ae4d8e52a8264a85f937a329ac261025c3f3a2c4e8ffe45914bac17f16e,
14069,13806,ITA,110.6(23)(a)~f1,"ends February 22, 1994",end,1994-02-22,,day,exact,msgbatch_01MAMQYzwFgpXmFNT65qsCPu,105e4ae4d8e52a8264a85f937a329ac261025c3f3a2c4e8ffe45914bac17f16e,
14069,13806,ITA,110.6(23)(a)~f1,"occurred before February 23, 1994",end,1994-02-23,,day,exact,msgbatch_01MAMQYzwFgpXmFNT65qsCPu,105e4ae4d8e52a8264a85f937a329ac261025c3f3a2c4e8ffe45914bac17f16e,
14075,13806,ITA,110.6(24)(a)(ii),on or before the individual’s balance-due day for the 1994 taxation year,end,,1994,year,exact,msgbatch_01MAMQYzwFgpXmFNT65qsCPu,105e4ae4d8e52a8264a85f937a329ac261025c3f3a2c4e8ffe45914bac17f16e,
14076,13806,ITA,110.6(24)(b),"the taxation year of the trust that includes February 22, 1994",start,1994-02-22,,day,exact,msgbatch_01MAMQYzwFgpXmFNT65qsCPu,105e4ae4d8e52a8264a85f937a329ac261025c3f3a2c4e8ffe45914bac17f16e,
14077,13806,ITA,110.6(25),by filing a written notice of the revocation with the Minister before 1998,end,,1998,year,exact,msgbatch_01MAMQYzwFgpXmFNT65qsCPu,105e4ae4d8e52a8264a85f937a329ac261025c3f3a2c4e8ffe45914bac17f16e,
14080,13806,ITA,110.6(27)(a),filed with the Minister before 1998,end,,1998,year,exact,msgbatch_01MAMQYzwFgpXmFNT65qsCPu,105e4ae4d8e52a8264a85f937a329ac261025c3f3a2c4e8ffe45914bac17f16e,
14084,13806,ITA,110.6(28)(b),"at the end of February 22, 1994",end,1994-02-22,,day,exact,msgbatch_01MAMQYzwFgpXmFNT65qsCPu,105e4ae4d8e52a8264a85f937a329ac261025c3f3a2c4e8ffe45914bac17f16e,
14085,13806,ITA,110.6(28)(c),"the fair market value at the end of February 22, 1994",end,1994-02-22,,day,exact,msgbatch_01MAMQYzwFgpXmFNT65qsCPu,105e4ae4d8e52a8264a85f937a329ac261025c3f3a2c4e8ffe45914bac17f16e,
14091,13806,ITA,110.6(32),for the 2025 taxation year,start,,2025,year,exact,msgbatch_01MAMQYzwFgpXmFNT65qsCPu,105e4ae4d8e52a8264a85f937a329ac261025c3f3a2c4e8ffe45914bac17f16e,
14092,13806,ITA,110.6(32)(a),"a fiscal period that begins before June 25, 2024 and ends after 2024",end,2024-06-25,,day,exact,msgbatch_01MAMQYzwFgpXmFNT65qsCPu,105e4ae4d8e52a8264a85f937a329ac261025c3f3a2c4e8ffe45914bac17f16e,
14092,13806,ITA,110.6(32)(a),"a fiscal period that begins before June 25, 2024 and ends after 2024",start,,2024,year,exact,msgbatch_01MAMQYzwFgpXmFNT65qsCPu,105e4ae4d8e52a8264a85f937a329ac261025c3f3a2c4e8ffe45914bac17f16e,
14092,13806,ITA,110.6(32)(a),"a taxation year that begins before June 25, 2024 and ends after 2024",end,2024-06-25,,day,exact,msgbatch_01MAMQYzwFgpXmFNT65qsCPu,105e4ae4d8e52a8264a85f937a329ac261025c3f3a2c4e8ffe45914bac17f16e,
14092,13806,ITA,110.6(32)(a),"a taxation year that begins before June 25, 2024 and ends after 2024",start,,2024,year,exact,msgbatch_01MAMQYzwFgpXmFNT65qsCPu,105e4ae4d8e52a8264a85f937a329ac261025c3f3a2c4e8ffe45914bac17f16e,
14092,13806,ITA,110.6(32)(a),"before June 25, 2024",end,2024-06-25,,day,exact,msgbatch_01MAMQYzwFgpXmFNT65qsCPu,105e4ae4d8e52a8264a85f937a329ac261025c3f3a2c4e8ffe45914bac17f16e,
14096,14095,ITA,110.61(1),occurred after 2023,start,,2023,year,exact,msgbatch_01MAMQYzwFgpXmFNT65qsCPu,105e4ae4d8e52a8264a85f937a329ac261025c3f3a2c4e8ffe45914bac17f16e,
14159,14158,ITA,110.62(1),that occurred after 2023,start,,2023,year,exact,msgbatch_01MAMQYzwFgpXmFNT65qsCPu,105e4ae4d8e52a8264a85f937a329ac261025c3f3a2c4e8ffe45914bac17f16e,
14655,14625,ITA,113(2),a taxation year ending after 1975,start,,1975,year,exact,msgbatch_01MAMQYzwFgpXmFNT65qsCPu,105e4ae4d8e52a8264a85f937a329ac261025c3f3a2c4e8ffe45914bac17f16e,
14662,14625,ITA,113(2)(b)(iii),after the end of its 1975 taxation year,start,,1975,year,exact,msgbatch_01MAMQYzwFgpXmFNT65qsCPu,105e4ae4d8e52a8264a85f937a329ac261025c3f3a2c4e8ffe45914bac17f16e,
14662,14625,ITA,113(2)(b)(iii),for taxation years ending after 1975,start,,1975,year,exact,msgbatch_01MAMQYzwFgpXmFNT65qsCPu,105e4ae4d8e52a8264a85f937a329ac261025c3f3a2c4e8ffe45914bac17f16e,
14663,14625,ITA,113(2)(b)(iii.1),after the end of its 1975 taxation year,start,,1975,year,exact,msgbatch_01MAMQYzwFgpXmFNT65qsCPu,105e4ae4d8e52a8264a85f937a329ac261025c3f3a2c4e8ffe45914bac17f16e,
14664,14625,ITA,113(2)(b)(iii.1)(A),"before August 20, 2011",end,2011-08-20,,day,exact,msgbatch_01MAMQYzwFgpXmFNT65qsCPu,105e4ae4d8e52a8264a85f937a329ac261025c3f3a2c4e8ffe45914bac17f16e,
14665,14625,ITA,113(2)(b)(iii.1)(B),"after August 19, 2011",start,2011-08-19,,day,exact,msgbatch_01MAMQYzwFgpXmFNT65qsCPu,105e4ae4d8e52a8264a85f937a329ac261025c3f3a2c4e8ffe45914bac17f16e,
14677,14625,ITA,113(4),before the affiliate’s 1976 taxation year,end,,1976,year,exact,msgbatch_01MAMQYzwFgpXmFNT65qsCPu,105e4ae4d8e52a8264a85f937a329ac261025c3f3a2c4e8ffe45914bac17f16e,
14677,14625,ITA,113(4),that was received after the 1971 taxation year of the affiliate,start,,1971,year,exact,msgbatch_01MAMQYzwFgpXmFNT65qsCPu,105e4ae4d8e52a8264a85f937a329ac261025c3f3a2c4e8ffe45914bac17f16e,
15108,15100,ITA,118.02(2),a taxation year that is before 2025,end,,2025,year,exact,msgbatch_01MAMQYzwFgpXmFNT65qsCPu,105e4ae4d8e52a8264a85f937a329ac261025c3f3a2c4e8ffe45914bac17f16e,
15209,15207,ITA,"118.05(1)""qualifying home""","acquired, whether jointly or otherwise, after January 27, 2009",start,2009-01-27,,day,exact,msgbatch_01MAMQYzwFgpXmFNT65qsCPu,105e4ae4d8e52a8264a85f937a329ac261025c3f3a2c4e8ffe45914bac17f16e,
15490,15250,ITA,118.1(29),and before 2025,end,,2025,year,exact,msgbatch_01MAMQYzwFgpXmFNT65qsCPu,105e4ae4d8e52a8264a85f937a329ac261025c3f3a2c4e8ffe45914bac17f16e,
15490,15250,ITA,118.1(29),before March 2025,end,2025-03,,month,exact,msgbatch_01MAMQYzwFgpXmFNT65qsCPu,105e4ae4d8e52a8264a85f937a329ac261025c3f3a2c4e8ffe45914bac17f16e,
15490,15250,ITA,118.1(29),"that ended after November 14, 2024",start,2024-11-14,,day,exact,msgbatch_01MAMQYzwFgpXmFNT65qsCPu,105e4ae4d8e52a8264a85f937a329ac261025c3f3a2c4e8ffe45914bac17f16e,
15496,15250,ITA,118.1(29)(d)(ii),if the individual died after 2024,start,,2024,year,exact,msgbatch_01MAMQYzwFgpXmFNT65qsCPu,105e4ae4d8e52a8264a85f937a329ac261025c3f3a2c4e8ffe45914bac17f16e,
15336,15250,ITA,118.1(4),dies before 2016,end,,2016,year,exact,msgbatch_01MAMQYzwFgpXmFNT65qsCPu,105e4ae4d8e52a8264a85f937a329ac261025c3f3a2c4e8ffe45914bac17f16e,
15337,15250,ITA,118.1(4.1),the death after 2015 of an individual,start,,2015,year,exact,msgbatch_01MAMQYzwFgpXmFNT65qsCPu,105e4ae4d8e52a8264a85f937a329ac261025c3f3a2c4e8ffe45914bac17f16e,
15344,15250,ITA,118.1(5.1),the death occurs after 2015,start,,2015,year,exact,msgbatch_01MAMQYzwFgpXmFNT65qsCPu,105e4ae4d8e52a8264a85f937a329ac261025c3f3a2c4e8ffe45914bac17f16e,
15347,15250,ITA,118.1(5.2),the death occurs after 2015,start,,2015,year,exact,msgbatch_01MAMQYzwFgpXmFNT65qsCPu,105e4ae4d8e52a8264a85f937a329ac261025c3f3a2c4e8ffe45914bac17f16e,
15367,15250,ITA,118.1(6)(a),"in the case of a gift made after December 20, 2002",start,2002-12-20,,day,exact,msgbatch_01MAMQYzwFgpXmFNT65qsCPu,105e4ae4d8e52a8264a85f937a329ac261025c3f3a2c4e8ffe45914bac17f16e,
16317,16282,ITA,122.5(3.001)~f1,April 2020,at,2020-04,,month,exact,msgbatch_01994ACyYJVJfcoySYAdCGaw,5d4fbebf557535ebdcf651adda9f3b9d12093e3e7b3da50aedc79177fb876a4a,
16317,16282,ITA,122.5(3.001)~f1,January 2020,at,2020-01,,month,exact,msgbatch_01994ACyYJVJfcoySYAdCGaw,5d4fbebf557535ebdcf651adda9f3b9d12093e3e7b3da50aedc79177fb876a4a,
16317,16282,ITA,122.5(3.001)~f1,July 2019,at,2019-07,,month,exact,msgbatch_01994ACyYJVJfcoySYAdCGaw,5d4fbebf557535ebdcf651adda9f3b9d12093e3e7b3da50aedc79177fb876a4a,
16317,16282,ITA,122.5(3.001)~f1,October 2019,at,2019-10,,month,exact,msgbatch_01994ACyYJVJfcoySYAdCGaw,5d4fbebf557535ebdcf651adda9f3b9d12093e3e7b3da50aedc79177fb876a4a,
16347,16282,ITA,122.5(4.5),April 2031,end,2031-04,,month,exact,msgbatch_01MAMQYzwFgpXmFNT65qsCPu,105e4ae4d8e52a8264a85f937a329ac261025c3f3a2c4e8ffe45914bac17f16e,
16347,16282,ITA,122.5(4.5),July 2026,start,2026-07,,month,exact,msgbatch_01MAMQYzwFgpXmFNT65qsCPu,105e4ae4d8e52a8264a85f937a329ac261025c3f3a2c4e8ffe45914bac17f16e,
16648,16641,ITA,122.91(2)(a),if the taxation year is after 2019,start,,2019,year,exact,msgbatch_01MAMQYzwFgpXmFNT65qsCPu,105e4ae4d8e52a8264a85f937a329ac261025c3f3a2c4e8ffe45914bac17f16e,
16737,16726,ITA,122.93(2),for a taxation year that begins after 2025,start,,2025,year,exact,msgbatch_016eDcdn9uNXaHf3uegqfihG,5d4fbebf557535ebdcf651adda9f3b9d12093e3e7b3da50aedc79177fb876a4a,
16737,16726,ITA,122.93(2),that ends before 2031,end,,2031,year,exact,msgbatch_016eDcdn9uNXaHf3uegqfihG,5d4fbebf557535ebdcf651adda9f3b9d12093e3e7b3da50aedc79177fb876a4a,
16780,16764,ITA,"123.4(1)""general rate reduction percentage""(a)",the number of days in the taxation year that are before 2008,end,,2008,year,exact,msgbatch_01994ACyYJVJfcoySYAdCGaw,5d4fbebf557535ebdcf651adda9f3b9d12093e3e7b3da50aedc79177fb876a4a,
16781,16764,ITA,"123.4(1)""general rate reduction percentage""(b)",the number of days in the taxation year that are in 2008,step_down,,2008,year,exact,msgbatch_01994ACyYJVJfcoySYAdCGaw,5d4fbebf557535ebdcf651adda9f3b9d12093e3e7b3da50aedc79177fb876a4a,
16782,16764,ITA,"123.4(1)""general rate reduction percentage""(c)",that proportion of 9% that the number of days in the taxation year that are in 2009,step_down,,2009,year,exact,msgbatch_01994ACyYJVJfcoySYAdCGaw,5d4fbebf557535ebdcf651adda9f3b9d12093e3e7b3da50aedc79177fb876a4a,
16783,16764,ITA,"123.4(1)""general rate reduction percentage""(d)",that proportion of 10% that the number of days in the taxation year that are in 2010 is of the number of days in the taxation year,step_down,,2010,year,exact,msgbatch_01994ACyYJVJfcoySYAdCGaw,5d4fbebf557535ebdcf651adda9f3b9d12093e3e7b3da50aedc79177fb876a4a,
16784,16764,ITA,"123.4(1)""general rate reduction percentage""(e)",that proportion of 11.5% that the number of days in the taxation year that are in 2011,step_down,,2011,year,exact,msgbatch_01994ACyYJVJfcoySYAdCGaw,5d4fbebf557535ebdcf651adda9f3b9d12093e3e7b3da50aedc79177fb876a4a,
16785,16764,ITA,"123.4(1)""general rate reduction percentage""(f)",the number of days in the taxation year that are after 2011,step_down,,2011,year,exact,msgbatch_01994ACyYJVJfcoySYAdCGaw,5d4fbebf557535ebdcf651adda9f3b9d12093e3e7b3da50aedc79177fb876a4a,
16829,16811,ITA,125(1.1)(a),that proportion of 17.5% that the number of days in the taxation year that are before 2018 is of the number of days in the taxation year,step_down,,2018,year,exact,msgbatch_01994ACyYJVJfcoySYAdCGaw,5d4fbebf557535ebdcf651adda9f3b9d12093e3e7b3da50aedc79177fb876a4a,
16830,16811,ITA,125(1.1)(b),the number of days in the taxation year that are in 2018,step_down,,2018,year,exact,msgbatch_01994ACyYJVJfcoySYAdCGaw,5d4fbebf557535ebdcf651adda9f3b9d12093e3e7b3da50aedc79177fb876a4a,
16831,16811,ITA,125(1.1)(c),the number of days in the taxation year that are after 2018,step_down,,2018,year,exact,msgbatch_01994ACyYJVJfcoySYAdCGaw,5d4fbebf557535ebdcf651adda9f3b9d12093e3e7b3da50aedc79177fb876a4a,
16995,16985,ITA,125.2(2)~f1,"0.01125, if the taxation year begins after 2033 and before 2035",step_down,,2033,year,exact,msgbatch_01PAmDKwYrxqTy6FGwKztARN,5d4fbebf557535ebdcf651adda9f3b9d12093e3e7b3da50aedc79177fb876a4a,
16995,16985,ITA,125.2(2)~f1,"0.01125, if the taxation year begins after 2033 and before 2035",step_down,,2035,year,exact,msgbatch_01PAmDKwYrxqTy6FGwKztARN,5d4fbebf557535ebdcf651adda9f3b9d12093e3e7b3da50aedc79177fb876a4a,
16995,16985,ITA,125.2(2)~f1,"0.01875, if the taxation year begins after 2033 and before 2035",step_down,,2033,year,exact,msgbatch_01PAmDKwYrxqTy6FGwKztARN,5d4fbebf557535ebdcf651adda9f3b9d12093e3e7b3da50aedc79177fb876a4a,
16995,16985,ITA,125.2(2)~f1,"0.01875, if the taxation year begins after 2033 and before 2035",step_down,,2035,year,exact,msgbatch_01PAmDKwYrxqTy6FGwKztARN,5d4fbebf557535ebdcf651adda9f3b9d12093e3e7b3da50aedc79177fb876a4a,
16995,16985,ITA,125.2(2)~f1,"0.0225, if the taxation year begins after 2032 and before 2034",step_down,,2032,year,exact,msgbatch_01PAmDKwYrxqTy6FGwKztARN,5d4fbebf557535ebdcf651adda9f3b9d12093e3e7b3da50aedc79177fb876a4a,
16995,16985,ITA,125.2(2)~f1,"0.0225, if the taxation year begins after 2032 and before 2034",step_down,,2034,year,exact,msgbatch_01PAmDKwYrxqTy6FGwKztARN,5d4fbebf557535ebdcf651adda9f3b9d12093e3e7b3da50aedc79177fb876a4a,
16995,16985,ITA,125.2(2)~f1,"0.03375, if the taxation year begins after 2031 and before 2033",step_down,,2031,year,exact,msgbatch_01PAmDKwYrxqTy6FGwKztARN,5d4fbebf557535ebdcf651adda9f3b9d12093e3e7b3da50aedc79177fb876a4a,
16995,16985,ITA,125.2(2)~f1,"0.03375, if the taxation year begins after 2031 and before 2033",step_down,,2033,year,exact,msgbatch_01PAmDKwYrxqTy6FGwKztARN,5d4fbebf557535ebdcf651adda9f3b9d12093e3e7b3da50aedc79177fb876a4a,
16995,16985,ITA,125.2(2)~f1,"0.0375, if the taxation year begins after 2032 and before 2034",step_down,,2032,year,exact,msgbatch_01PAmDKwYrxqTy6FGwKztARN,5d4fbebf557535ebdcf651adda9f3b9d12093e3e7b3da50aedc79177fb876a4a,
16995,16985,ITA,125.2(2)~f1,"0.0375, if the taxation year begins after 2032 and before 2034",step_down,,2034,year,exact,msgbatch_01PAmDKwYrxqTy6FGwKztARN,5d4fbebf557535ebdcf651adda9f3b9d12093e3e7b3da50aedc79177fb876a4a,
16995,16985,ITA,125.2(2)~f1,"0.045, if the taxation year begins after 2021 and before 2032",step_down,,2021,year,exact,msgbatch_01PAmDKwYrxqTy6FGwKztARN,5d4fbebf557535ebdcf651adda9f3b9d12093e3e7b3da50aedc79177fb876a4a,
16995,16985,ITA,125.2(2)~f1,"0.045, if the taxation year begins after 2021 and before 2032",step_down,,2032,year,exact,msgbatch_01PAmDKwYrxqTy6FGwKztARN,5d4fbebf557535ebdcf651adda9f3b9d12093e3e7b3da50aedc79177fb876a4a,
16995,16985,ITA,125.2(2)~f1,"0.05625, if the taxation year begins after 2031 and before 2033",step_down,,2031,year,exact,msgbatch_01PAmDKwYrxqTy6FGwKztARN,5d4fbebf557535ebdcf651adda9f3b9d12093e3e7b3da50aedc79177fb876a4a,
16995,16985,ITA,125.2(2)~f1,"0.05625, if the taxation year begins after 2031 and before 2033",step_down,,2033,year,exact,msgbatch_01PAmDKwYrxqTy6FGwKztARN,5d4fbebf557535ebdcf651adda9f3b9d12093e3e7b3da50aedc79177fb876a4a,
16995,16985,ITA,125.2(2)~f1,"0.075, if the taxation year begins after 2021 and before 2032",step_down,,2021,year,exact,msgbatch_01PAmDKwYrxqTy6FGwKztARN,5d4fbebf557535ebdcf651adda9f3b9d12093e3e7b3da50aedc79177fb876a4a,
16995,16985,ITA,125.2(2)~f1,"0.075, if the taxation year begins after 2021 and before 2032",step_down,,2032,year,exact,msgbatch_01PAmDKwYrxqTy6FGwKztARN,5d4fbebf557535ebdcf651adda9f3b9d12093e3e7b3da50aedc79177fb876a4a,
17054,17040,ITA,"125.4(1)""labour expenditure""(a)",incurred after 1994,start,,1994,year,exact,msgbatch_01MAMQYzwFgpXmFNT65qsCPu,105e4ae4d8e52a8264a85f937a329ac261025c3f3a2c4e8ffe45914bac17f16e,
17055,17040,ITA,"125.4(1)""labour expenditure""(b)",that relates to services rendered after 1994,start,,1994,year,exact,msgbatch_01MAMQYzwFgpXmFNT65qsCPu,105e4ae4d8e52a8264a85f937a329ac261025c3f3a2c4e8ffe45914bac17f16e,
17091,17040,ITA,125.4(1.1),the taxation year ending in 2020 or 2021,start,,2020,year,exact,msgbatch_01MAMQYzwFgpXmFNT65qsCPu,105e4ae4d8e52a8264a85f937a329ac261025c3f3a2c4e8ffe45914bac17f16e,
17091,17040,ITA,125.4(1.1),the taxation year ending in 2020 or 2021,end,,2021,year,exact,msgbatch_01MAMQYzwFgpXmFNT65qsCPu,105e4ae4d8e52a8264a85f937a329ac261025c3f3a2c4e8ffe45914bac17f16e,
17122,17116,ITA,"125.5(1)""Canadian labour expenditure""(a)",incurred by the corporation after October 1997,start,1997-10,,month,exact,msgbatch_01MAMQYzwFgpXmFNT65qsCPu,105e4ae4d8e52a8264a85f937a329ac261025c3f3a2c4e8ffe45914bac17f16e,
17123,17116,ITA,"125.5(1)""Canadian labour expenditure""(b)",that relates to services rendered in Canada after October 1997,start,1997-10,,month,exact,msgbatch_01MAMQYzwFgpXmFNT65qsCPu,105e4ae4d8e52a8264a85f937a329ac261025c3f3a2c4e8ffe45914bac17f16e,
17181,17168,ITA,"125.6(1)""low threshold qualifying labour expenditure""",that begins before 2023 and ends after 2022,end,,2023,year,exact,msgbatch_01MAMQYzwFgpXmFNT65qsCPu,105e4ae4d8e52a8264a85f937a329ac261025c3f3a2c4e8ffe45914bac17f16e,
17181,17168,ITA,"125.6(1)""low threshold qualifying labour expenditure""",that begins before 2023 and ends after 2022,start,,2022,year,exact,msgbatch_01MAMQYzwFgpXmFNT65qsCPu,105e4ae4d8e52a8264a85f937a329ac261025c3f3a2c4e8ffe45914bac17f16e,
17183,17168,ITA,"125.6(1)""low threshold qualifying labour expenditure""(a)~f1",the number of days in the taxation year that are before 2023,end,,2023,year,exact,msgbatch_01MAMQYzwFgpXmFNT65qsCPu,105e4ae4d8e52a8264a85f937a329ac261025c3f3a2c4e8ffe45914bac17f16e,
17185,17168,ITA,"125.6(1)""low threshold qualifying labour expenditure""(b)~f1",the number of days in the taxation year that are before 2023,end,,2023,year,exact,msgbatch_01MAMQYzwFgpXmFNT65qsCPu,105e4ae4d8e52a8264a85f937a329ac261025c3f3a2c4e8ffe45914bac17f16e,
17192,17168,ITA,"125.6(1)""qualifying labour expenditure""(a)",ends after 2022,start,,2022,year,exact,msgbatch_01MAMQYzwFgpXmFNT65qsCPu,105e4ae4d8e52a8264a85f937a329ac261025c3f3a2c4e8ffe45914bac17f16e,
17192,17168,ITA,"125.6(1)""qualifying labour expenditure""(a)",that begins before 2023,end,,2023,year,exact,msgbatch_01MAMQYzwFgpXmFNT65qsCPu,105e4ae4d8e52a8264a85f937a329ac261025c3f3a2c4e8ffe45914bac17f16e,
17194,17168,ITA,"125.6(1)""qualifying labour expenditure""(a)(i)~f1",the number of days in the taxation year that are after 2022,start,,2022,year,exact,msgbatch_01MAMQYzwFgpXmFNT65qsCPu,105e4ae4d8e52a8264a85f937a329ac261025c3f3a2c4e8ffe45914bac17f16e,
17196,17168,ITA,"125.6(1)""qualifying labour expenditure""(a)(ii)~f1","the number of days in the taxation year that are after 2022 during which the taxpayer is a qualifying journalism organization, and",start,,2022,year,exact,msgbatch_01MAMQYzwFgpXmFNT65qsCPu,105e4ae4d8e52a8264a85f937a329ac261025c3f3a2c4e8ffe45914bac17f16e,
17196,17168,ITA,"125.6(1)""qualifying labour expenditure""(a)(ii)~f1","the number of days in the taxation year that are after 2022 during which the taxpayer is a qualifying journalism organization, and H",start,,2022,year,whitespace_normalized,msgbatch_01MAMQYzwFgpXmFNT65qsCPu,105e4ae4d8e52a8264a85f937a329ac261025c3f3a2c4e8ffe45914bac17f16e,
17197,17168,ITA,"125.6(1)""qualifying labour expenditure""(b)",that begins after 2022,start,,2022,year,exact,msgbatch_01MAMQYzwFgpXmFNT65qsCPu,105e4ae4d8e52a8264a85f937a329ac261025c3f3a2c4e8ffe45914bac17f16e,
17203,17168,ITA,125.6(2)(a),begins before 2023,step_down,,2023,year,exact,msgbatch_01VXS4B4na17QrTVMPFLjs8f,cac8c075da7afb4bade5f8a660c0932dc8998789912e81a958adf8778317496d,parent+children
17203,17168,ITA,125.6(2)(a),ends after 2022,step_down,,2022,year,exact,msgbatch_01VXS4B4na17QrTVMPFLjs8f,cac8c075da7afb4bade5f8a660c0932dc8998789912e81a958adf8778317496d,parent+children
17205,17168,ITA,125.6(2)(b),ends before 2027,step_down,,2027,year,exact,msgbatch_01VXS4B4na17QrTVMPFLjs8f,cac8c075da7afb4bade5f8a660c0932dc8998789912e81a958adf8778317496d,parent+children
17205,17168,ITA,125.6(2)(b),if the year begins after 2022,step_down,,2022,year,exact,msgbatch_01VXS4B4na17QrTVMPFLjs8f,cac8c075da7afb4bade5f8a660c0932dc8998789912e81a958adf8778317496d,parent+children
17207,17168,ITA,125.6(2)(c),ends after 2026,step_down,,2026,year,exact,msgbatch_01VXS4B4na17QrTVMPFLjs8f,cac8c075da7afb4bade5f8a660c0932dc8998789912e81a958adf8778317496d,parent+children
17207,17168,ITA,125.6(2)(c),if the year begins before 2027,step_down,,2027,year,exact,msgbatch_01VXS4B4na17QrTVMPFLjs8f,cac8c075da7afb4bade5f8a660c0932dc8998789912e81a958adf8778317496d,parent+children
17208,17168,ITA,125.6(2)(c)~f1,is the number of days in the taxation year that are after 2026 during which the taxpayer is a qualifying journalism organization,step_down,,2026,year,exact,msgbatch_01VXS4B4na17QrTVMPFLjs8f,cac8c075da7afb4bade5f8a660c0932dc8998789912e81a958adf8778317496d,parent
17208,17168,ITA,125.6(2)(c)~f1,is the number of days in the taxation year that are before 2027 during which the taxpayer is a qualifying journalism organization,step_down,,2027,year,exact,msgbatch_01VXS4B4na17QrTVMPFLjs8f,cac8c075da7afb4bade5f8a660c0932dc8998789912e81a958adf8778317496d,parent
17209,17168,ITA,125.6(2)(d),if the year begins after 2026,step_down,,2026,year,exact,msgbatch_01VXS4B4na17QrTVMPFLjs8f,cac8c075da7afb4bade5f8a660c0932dc8998789912e81a958adf8778317496d,parent+children
17212,17168,ITA,125.6(2.1)(a),begins before 2023,step_down,,2023,year,exact,msgbatch_01VXS4B4na17QrTVMPFLjs8f,cac8c075da7afb4bade5f8a660c0932dc8998789912e81a958adf8778317496d,parent+children
17212,17168,ITA,125.6(2.1)(a),ends after 2022,step_down,,2022,year,exact,msgbatch_01VXS4B4na17QrTVMPFLjs8f,cac8c075da7afb4bade5f8a660c0932dc8998789912e81a958adf8778317496d,parent+children
17214,17168,ITA,125.6(2.1)(b),ends before 2027,step_down,,2027,year,exact,msgbatch_01VXS4B4na17QrTVMPFLjs8f,cac8c075da7afb4bade5f8a660c0932dc8998789912e81a958adf8778317496d,parent+children
17214,17168,ITA,125.6(2.1)(b),if the fiscal period begins after 2022,step_down,,2022,year,exact,msgbatch_01VXS4B4na17QrTVMPFLjs8f,cac8c075da7afb4bade5f8a660c0932dc8998789912e81a958adf8778317496d,parent+children
17216,17168,ITA,125.6(2.1)(c),ends after 2026,step_down,,2026,year,exact,msgbatch_01VXS4B4na17QrTVMPFLjs8f,cac8c075da7afb4bade5f8a660c0932dc8998789912e81a958adf8778317496d,parent+children
17216,17168,ITA,125.6(2.1)(c),if the fiscal period begins before 2027,step_down,,2027,year,exact,msgbatch_01VXS4B4na17QrTVMPFLjs8f,cac8c075da7afb4bade5f8a660c0932dc8998789912e81a958adf8778317496d,parent+children
17217,17168,ITA,125.6(2.1)(c)~f1,is the number of days in the fiscal period that are after 2026 during which the partnership is a qualifying journalism organization,step_down,,2026,year,exact,msgbatch_01VXS4B4na17QrTVMPFLjs8f,cac8c075da7afb4bade5f8a660c0932dc8998789912e81a958adf8778317496d,parent
17217,17168,ITA,125.6(2.1)(c)~f1,is the number of days in the fiscal period that are before 2027 during which the partnership is a qualifying journalism organization,step_down,,2027,year,exact,msgbatch_01VXS4B4na17QrTVMPFLjs8f,cac8c075da7afb4bade5f8a660c0932dc8998789912e81a958adf8778317496d,parent
17218,17168,ITA,125.6(2.1)(d),if the fiscal period begins after 2026,step_down,,2026,year,exact,msgbatch_01VXS4B4na17QrTVMPFLjs8f,cac8c075da7afb4bade5f8a660c0932dc8998789912e81a958adf8778317496d,parent+children
17225,17222,ITA,"125.7(1)""baseline remuneration""(a)","begins on January 1, 2020",start,2020-01-01,,day,exact,msgbatch_01994ACyYJVJfcoySYAdCGaw,5d4fbebf557535ebdcf651adda9f3b9d12093e3e7b3da50aedc79177fb876a4a,
17225,17222,ITA,"125.7(1)""baseline remuneration""(a)","ends on March 15, 2020",end,2020-03-15,,day,exact,msgbatch_01994ACyYJVJfcoySYAdCGaw,5d4fbebf557535ebdcf651adda9f3b9d12093e3e7b3da50aedc79177fb876a4a,
17227,17222,ITA,"125.7(1)""baseline remuneration""(b)(i)","begins on March 1, 2019",start,2019-03-01,,day,exact,msgbatch_01994ACyYJVJfcoySYAdCGaw,5d4fbebf557535ebdcf651adda9f3b9d12093e3e7b3da50aedc79177fb876a4a,
17227,17222,ITA,"125.7(1)""baseline remuneration""(b)(i)","ends on May 31, 2019",end,2019-05-31,,day,exact,msgbatch_01994ACyYJVJfcoySYAdCGaw,5d4fbebf557535ebdcf651adda9f3b9d12093e3e7b3da50aedc79177fb876a4a,
17228,17222,ITA,"125.7(1)""baseline remuneration""(b)(ii)","begins on March 1, 2019",start,2019-03-01,,day,exact,msgbatch_01994ACyYJVJfcoySYAdCGaw,5d4fbebf557535ebdcf651adda9f3b9d12093e3e7b3da50aedc79177fb876a4a,
17228,17222,ITA,"125.7(1)""baseline remuneration""(b)(ii)","ends on June 30, 2019",end,2019-06-30,,day,exact,msgbatch_01994ACyYJVJfcoySYAdCGaw,5d4fbebf557535ebdcf651adda9f3b9d12093e3e7b3da50aedc79177fb876a4a,
17228,17222,ITA,"125.7(1)""baseline remuneration""(b)(ii)","ends on May 31, 2019",end,2019-05-31,,day,exact,msgbatch_01994ACyYJVJfcoySYAdCGaw,5d4fbebf557535ebdcf651adda9f3b9d12093e3e7b3da50aedc79177fb876a4a,
17229,17222,ITA,"125.7(1)""baseline remuneration""(b)(iii)","begins on July 1, 2019",start,2019-07-01,,day,exact,msgbatch_01994ACyYJVJfcoySYAdCGaw,5d4fbebf557535ebdcf651adda9f3b9d12093e3e7b3da50aedc79177fb876a4a,
17229,17222,ITA,"125.7(1)""baseline remuneration""(b)(iii)","ends on December 31, 2019",end,2019-12-31,,day,exact,msgbatch_01994ACyYJVJfcoySYAdCGaw,5d4fbebf557535ebdcf651adda9f3b9d12093e3e7b3da50aedc79177fb876a4a,
17230,17222,ITA,"125.7(1)""baseline remuneration""(b)(iii.1)","begins on July 1, 2019",start,2019-07-01,,day,exact,msgbatch_01994ACyYJVJfcoySYAdCGaw,5d4fbebf557535ebdcf651adda9f3b9d12093e3e7b3da50aedc79177fb876a4a,
17230,17222,ITA,"125.7(1)""baseline remuneration""(b)(iii.1)","begins on March 1, 2019",start,2019-03-01,,day,exact,msgbatch_01994ACyYJVJfcoySYAdCGaw,5d4fbebf557535ebdcf651adda9f3b9d12093e3e7b3da50aedc79177fb876a4a,
17230,17222,ITA,"125.7(1)""baseline remuneration""(b)(iii.1)","ends on December 31, 2019",end,2019-12-31,,day,exact,msgbatch_01994ACyYJVJfcoySYAdCGaw,5d4fbebf557535ebdcf651adda9f3b9d12093e3e7b3da50aedc79177fb876a4a,
17230,17222,ITA,"125.7(1)""baseline remuneration""(b)(iii.1)","ends on June 30, 2019",end,2019-06-30,,day,exact,msgbatch_01994ACyYJVJfcoySYAdCGaw,5d4fbebf557535ebdcf651adda9f3b9d12093e3e7b3da50aedc79177fb876a4a,
17231,17222,ITA,"125.7(1)""baseline remuneration""(b)(iii.2)","begins on July 1, 2019",start,2019-07-01,,day,exact,msgbatch_01994ACyYJVJfcoySYAdCGaw,5d4fbebf557535ebdcf651adda9f3b9d12093e3e7b3da50aedc79177fb876a4a,
17231,17222,ITA,"125.7(1)""baseline remuneration""(b)(iii.2)","ends on December 31, 2019",end,2019-12-31,,day,exact,msgbatch_01994ACyYJVJfcoySYAdCGaw,5d4fbebf557535ebdcf651adda9f3b9d12093e3e7b3da50aedc79177fb876a4a,
17232,17222,ITA,"125.7(1)""baseline remuneration""(b)(iv)","begins on July 1, 2019",start,2019-07-01,,day,exact,msgbatch_01994ACyYJVJfcoySYAdCGaw,5d4fbebf557535ebdcf651adda9f3b9d12093e3e7b3da50aedc79177fb876a4a,
17232,17222,ITA,"125.7(1)""baseline remuneration""(b)(iv)","ends on March 15, 2020",end,2020-03-15,,day,exact,msgbatch_01994ACyYJVJfcoySYAdCGaw,5d4fbebf557535ebdcf651adda9f3b9d12093e3e7b3da50aedc79177fb876a4a,
17312,17222,ITA,"125.7(1)""current reference period""(c.99)","for the twenty-first qualifying period, October 2021",start,2021-10,,month,exact,msgbatch_01MAMQYzwFgpXmFNT65qsCPu,105e4ae4d8e52a8264a85f937a329ac261025c3f3a2c4e8ffe45914bac17f16e,
17313,17222,ITA,"125.7(1)""current reference period""(c.991)","for the twenty-second qualifying period, November 2021",start,2021-11,,month,exact,msgbatch_01MAMQYzwFgpXmFNT65qsCPu,105e4ae4d8e52a8264a85f937a329ac261025c3f3a2c4e8ffe45914bac17f16e,
17345,17222,ITA,"125.7(1)""executive compensation repayment amount""(b)~f1",for the 2019 calendar year,at,,2019,year,exact,msgbatch_01994ACyYJVJfcoySYAdCGaw,5d4fbebf557535ebdcf651adda9f3b9d12093e3e7b3da50aedc79177fb876a4a,
17345,17222,ITA,"125.7(1)""executive compensation repayment amount""(b)~f1",for the 2021 calendar year,at,,2021,year,exact,msgbatch_01994ACyYJVJfcoySYAdCGaw,5d4fbebf557535ebdcf651adda9f3b9d12093e3e7b3da50aedc79177fb876a4a,
17345,17222,ITA,"125.7(1)""executive compensation repayment amount""(b)~f1",for the 2022 calendar year,at,,2022,year,exact,msgbatch_01994ACyYJVJfcoySYAdCGaw,5d4fbebf557535ebdcf651adda9f3b9d12093e3e7b3da50aedc79177fb876a4a,
17380,17222,ITA,"125.7(1)""prior reference period""(b)",January and February 2020,start,2020-01,,month,exact,msgbatch_01MAMQYzwFgpXmFNT65qsCPu,105e4ae4d8e52a8264a85f937a329ac261025c3f3a2c4e8ffe45914bac17f16e,
17380,17222,ITA,"125.7(1)""prior reference period""(b)",January and February 2020,end,2020-02,,month,exact,msgbatch_01MAMQYzwFgpXmFNT65qsCPu,105e4ae4d8e52a8264a85f937a329ac261025c3f3a2c4e8ffe45914bac17f16e,
17381,17222,ITA,"125.7(1)""prior reference period""(b)(i)","on March 1, 2019, the eligible entity was not carrying on business or otherwise carrying on its ordinary activities",at,2019-03-01,,day,exact,msgbatch_01994ACyYJVJfcoySYAdCGaw,5d4fbebf557535ebdcf651adda9f3b9d12093e3e7b3da50aedc79177fb876a4a,
17386,17222,ITA,"125.7(1)""prior reference period""(b)(ii)(C)(I)","on March 1, 2019, the eligible entity was not carrying on business or otherwise carrying on its ordinary activities",at,2019-03-01,,day,exact,msgbatch_01994ACyYJVJfcoySYAdCGaw,5d4fbebf557535ebdcf651adda9f3b9d12093e3e7b3da50aedc79177fb876a4a,
17389,17222,ITA,"125.7(1)""prior reference period""(b)(ii)(D)(I)","on March 1, 2019, the eligible entity was not carrying on business or otherwise carrying on its ordinary activities",at,2019-03-01,,day,exact,msgbatch_01994ACyYJVJfcoySYAdCGaw,5d4fbebf557535ebdcf651adda9f3b9d12093e3e7b3da50aedc79177fb876a4a,
17414,17222,ITA,"125.7(1)""qualifying entity""(a)(i)","January 31, 2021",end,2021-01-31,,day,exact,msgbatch_01MAMQYzwFgpXmFNT65qsCPu,105e4ae4d8e52a8264a85f937a329ac261025c3f3a2c4e8ffe45914bac17f16e,
17422,17222,ITA,"125.7(1)""qualifying entity""(d)(i)","it had, on March 15, 2020, a business number",at,2020-03-15,,day,exact,msgbatch_01994ACyYJVJfcoySYAdCGaw,5d4fbebf557535ebdcf651adda9f3b9d12093e3e7b3da50aedc79177fb876a4a,
17424,17222,ITA,"125.7(1)""qualifying entity""(d)(ii)(A)","on March 15, 2020,",at,2020-03-15,,day,exact,msgbatch_01994ACyYJVJfcoySYAdCGaw,5d4fbebf557535ebdcf651adda9f3b9d12093e3e7b3da50aedc79177fb876a4a,
17431,17222,ITA,"125.7(1)""qualifying period""(a)","begins on March 15, 2020",start,2020-03-15,,day,exact,msgbatch_01994ACyYJVJfcoySYAdCGaw,5d4fbebf557535ebdcf651adda9f3b9d12093e3e7b3da50aedc79177fb876a4a,
17431,17222,ITA,"125.7(1)""qualifying period""(a)","ends on April 11, 2020",end,2020-04-11,,day,exact,msgbatch_01994ACyYJVJfcoySYAdCGaw,5d4fbebf557535ebdcf651adda9f3b9d12093e3e7b3da50aedc79177fb876a4a,
17432,17222,ITA,"125.7(1)""qualifying period""(b)","begins on April 12, 2020",start,2020-04-12,,day,exact,msgbatch_01994ACyYJVJfcoySYAdCGaw,5d4fbebf557535ebdcf651adda9f3b9d12093e3e7b3da50aedc79177fb876a4a,
17432,17222,ITA,"125.7(1)""qualifying period""(b)","ends on May 9, 2020",end,2020-05-09,,day,exact,msgbatch_01994ACyYJVJfcoySYAdCGaw,5d4fbebf557535ebdcf651adda9f3b9d12093e3e7b3da50aedc79177fb876a4a,
17433,17222,ITA,"125.7(1)""qualifying period""(c)","begins on May 10, 2020",start,2020-05-10,,day,exact,msgbatch_01994ACyYJVJfcoySYAdCGaw,5d4fbebf557535ebdcf651adda9f3b9d12093e3e7b3da50aedc79177fb876a4a,
17433,17222,ITA,"125.7(1)""qualifying period""(c)","ends on June 6, 2020",end,2020-06-06,,day,exact,msgbatch_01994ACyYJVJfcoySYAdCGaw,5d4fbebf557535ebdcf651adda9f3b9d12093e3e7b3da50aedc79177fb876a4a,
17434,17222,ITA,"125.7(1)""qualifying period""(c.1)","begins on June 7, 2020",start,2020-06-07,,day,exact,msgbatch_01994ACyYJVJfcoySYAdCGaw,5d4fbebf557535ebdcf651adda9f3b9d12093e3e7b3da50aedc79177fb876a4a,
17434,17222,ITA,"125.7(1)""qualifying period""(c.1)","ends on July 4, 2020",end,2020-07-04,,day,exact,msgbatch_01994ACyYJVJfcoySYAdCGaw,5d4fbebf557535ebdcf651adda9f3b9d12093e3e7b3da50aedc79177fb876a4a,
17435,17222,ITA,"125.7(1)""qualifying period""(c.2)","begins on July 5, 2020",start,2020-07-05,,day,exact,msgbatch_01994ACyYJVJfcoySYAdCGaw,5d4fbebf557535ebdcf651adda9f3b9d12093e3e7b3da50aedc79177fb876a4a,
17435,17222,ITA,"125.7(1)""qualifying period""(c.2)","ends on August 1, 2020",end,2020-08-01,,day,exact,msgbatch_01994ACyYJVJfcoySYAdCGaw,5d4fbebf557535ebdcf651adda9f3b9d12093e3e7b3da50aedc79177fb876a4a,
17436,17222,ITA,"125.7(1)""qualifying period""(c.3)","begins on August 2, 2020",start,2020-08-02,,day,exact,msgbatch_01994ACyYJVJfcoySYAdCGaw,5d4fbebf557535ebdcf651adda9f3b9d12093e3e7b3da50aedc79177fb876a4a,
17436,17222,ITA,"125.7(1)""qualifying period""(c.3)","ends on August 29, 2020",end,2020-08-29,,day,exact,msgbatch_01994ACyYJVJfcoySYAdCGaw,5d4fbebf557535ebdcf651adda9f3b9d12093e3e7b3da50aedc79177fb876a4a,
17437,17222,ITA,"125.7(1)""qualifying period""(c.4)","begins on August 30, 2020",start,2020-08-30,,day,exact,msgbatch_01994ACyYJVJfcoySYAdCGaw,5d4fbebf557535ebdcf651adda9f3b9d12093e3e7b3da50aedc79177fb876a4a,
17437,17222,ITA,"125.7(1)""qualifying period""(c.4)","ends on September 26, 2020",end,2020-09-26,,day,exact,msgbatch_01994ACyYJVJfcoySYAdCGaw,5d4fbebf557535ebdcf651adda9f3b9d12093e3e7b3da50aedc79177fb876a4a,
17438,17222,ITA,"125.7(1)""qualifying period""(c.5)","begins on September 27, 2020",start,2020-09-27,,day,exact,msgbatch_01994ACyYJVJfcoySYAdCGaw,5d4fbebf557535ebdcf651adda9f3b9d12093e3e7b3da50aedc79177fb876a4a,
17438,17222,ITA,"125.7(1)""qualifying period""(c.5)","ends on October 24, 2020",end,2020-10-24,,day,exact,msgbatch_01994ACyYJVJfcoySYAdCGaw,5d4fbebf557535ebdcf651adda9f3b9d12093e3e7b3da50aedc79177fb876a4a,
17439,17222,ITA,"125.7(1)""qualifying period""(c.6)","begins on October 25, 2020",start,2020-10-25,,day,exact,msgbatch_01994ACyYJVJfcoySYAdCGaw,5d4fbebf557535ebdcf651adda9f3b9d12093e3e7b3da50aedc79177fb876a4a,
17439,17222,ITA,"125.7(1)""qualifying period""(c.6)","ends on November 21, 2020",end,2020-11-21,,day,exact,msgbatch_01994ACyYJVJfcoySYAdCGaw,5d4fbebf557535ebdcf651adda9f3b9d12093e3e7b3da50aedc79177fb876a4a,
17440,17222,ITA,"125.7(1)""qualifying period""(c.7)","begins on November 22, 2020",start,2020-11-22,,day,exact,msgbatch_01994ACyYJVJfcoySYAdCGaw,5d4fbebf557535ebdcf651adda9f3b9d12093e3e7b3da50aedc79177fb876a4a,
17440,17222,ITA,"125.7(1)""qualifying period""(c.7)","ends on December 19, 2020",end,2020-12-19,,day,exact,msgbatch_01994ACyYJVJfcoySYAdCGaw,5d4fbebf557535ebdcf651adda9f3b9d12093e3e7b3da50aedc79177fb876a4a,
17441,17222,ITA,"125.7(1)""qualifying period""(c.8)","begins on December 20, 2020",start,2020-12-20,,day,exact,msgbatch_01994ACyYJVJfcoySYAdCGaw,5d4fbebf557535ebdcf651adda9f3b9d12093e3e7b3da50aedc79177fb876a4a,
17441,17222,ITA,"125.7(1)""qualifying period""(c.8)","ends on January 16, 2021",end,2021-01-16,,day,exact,msgbatch_01994ACyYJVJfcoySYAdCGaw,5d4fbebf557535ebdcf651adda9f3b9d12093e3e7b3da50aedc79177fb876a4a,
17442,17222,ITA,"125.7(1)""qualifying period""(c.9)","begins on January 17, 2021",start,2021-01-17,,day,exact,msgbatch_01994ACyYJVJfcoySYAdCGaw,5d4fbebf557535ebdcf651adda9f3b9d12093e3e7b3da50aedc79177fb876a4a,
17442,17222,ITA,"125.7(1)""qualifying period""(c.9)","ends on February 13, 2021",end,2021-02-13,,day,exact,msgbatch_01994ACyYJVJfcoySYAdCGaw,5d4fbebf557535ebdcf651adda9f3b9d12093e3e7b3da50aedc79177fb876a4a,
17443,17222,ITA,"125.7(1)""qualifying period""(c.91)","begins on February 14, 2021",start,2021-02-14,,day,exact,msgbatch_01994ACyYJVJfcoySYAdCGaw,5d4fbebf557535ebdcf651adda9f3b9d12093e3e7b3da50aedc79177fb876a4a,
17443,17222,ITA,"125.7(1)""qualifying period""(c.91)","ends on March 13, 2021",end,2021-03-13,,day,exact,msgbatch_01994ACyYJVJfcoySYAdCGaw,5d4fbebf557535ebdcf651adda9f3b9d12093e3e7b3da50aedc79177fb876a4a,
17444,17222,ITA,"125.7(1)""qualifying period""(c.92)","begins on March 14, 2021",start,2021-03-14,,day,exact,msgbatch_01994ACyYJVJfcoySYAdCGaw,5d4fbebf557535ebdcf651adda9f3b9d12093e3e7b3da50aedc79177fb876a4a,
17444,17222,ITA,"125.7(1)""qualifying period""(c.92)","ends on April 10, 2021",end,2021-04-10,,day,exact,msgbatch_01994ACyYJVJfcoySYAdCGaw,5d4fbebf557535ebdcf651adda9f3b9d12093e3e7b3da50aedc79177fb876a4a,
17445,17222,ITA,"125.7(1)""qualifying period""(c.93)","begins on April 11, 2021",start,2021-04-11,,day,exact,msgbatch_01994ACyYJVJfcoySYAdCGaw,5d4fbebf557535ebdcf651adda9f3b9d12093e3e7b3da50aedc79177fb876a4a,
17445,17222,ITA,"125.7(1)""qualifying period""(c.93)","ends on May 8, 2021",end,2021-05-08,,day,exact,msgbatch_01994ACyYJVJfcoySYAdCGaw,5d4fbebf557535ebdcf651adda9f3b9d12093e3e7b3da50aedc79177fb876a4a,
17446,17222,ITA,"125.7(1)""qualifying period""(c.94)","begins on May 9, 2021",start,2021-05-09,,day,exact,msgbatch_01994ACyYJVJfcoySYAdCGaw,5d4fbebf557535ebdcf651adda9f3b9d12093e3e7b3da50aedc79177fb876a4a,
17446,17222,ITA,"125.7(1)""qualifying period""(c.94)","ends on June 5, 2021",end,2021-06-05,,day,exact,msgbatch_01994ACyYJVJfcoySYAdCGaw,5d4fbebf557535ebdcf651adda9f3b9d12093e3e7b3da50aedc79177fb876a4a,
17447,17222,ITA,"125.7(1)""qualifying period""(c.95)","begins on June 6, 2021",start,2021-06-06,,day,exact,msgbatch_01994ACyYJVJfcoySYAdCGaw,5d4fbebf557535ebdcf651adda9f3b9d12093e3e7b3da50aedc79177fb876a4a,
17447,17222,ITA,"125.7(1)""qualifying period""(c.95)","ends on July 3, 2021",end,2021-07-03,,day,exact,msgbatch_01994ACyYJVJfcoySYAdCGaw,5d4fbebf557535ebdcf651adda9f3b9d12093e3e7b3da50aedc79177fb876a4a,
17448,17222,ITA,"125.7(1)""qualifying period""(c.96)","begins on July 4, 2021",start,2021-07-04,,day,exact,msgbatch_01994ACyYJVJfcoySYAdCGaw,5d4fbebf557535ebdcf651adda9f3b9d12093e3e7b3da50aedc79177fb876a4a,
17448,17222,ITA,"125.7(1)""qualifying period""(c.96)","ends on July 31, 2021",end,2021-07-31,,day,exact,msgbatch_01994ACyYJVJfcoySYAdCGaw,5d4fbebf557535ebdcf651adda9f3b9d12093e3e7b3da50aedc79177fb876a4a,
17449,17222,ITA,"125.7(1)""qualifying period""(c.97)","begins on August 1, 2021",start,2021-08-01,,day,exact,msgbatch_01994ACyYJVJfcoySYAdCGaw,5d4fbebf557535ebdcf651adda9f3b9d12093e3e7b3da50aedc79177fb876a4a,
17449,17222,ITA,"125.7(1)""qualifying period""(c.97)","ends on August 28, 2021",end,2021-08-28,,day,exact,msgbatch_01994ACyYJVJfcoySYAdCGaw,5d4fbebf557535ebdcf651adda9f3b9d12093e3e7b3da50aedc79177fb876a4a,
17450,17222,ITA,"125.7(1)""qualifying period""(c.98)","begins on August 29, 2021",start,2021-08-29,,day,exact,msgbatch_01994ACyYJVJfcoySYAdCGaw,5d4fbebf557535ebdcf651adda9f3b9d12093e3e7b3da50aedc79177fb876a4a,
17450,17222,ITA,"125.7(1)""qualifying period""(c.98)","ends on September 25, 2021",end,2021-09-25,,day,exact,msgbatch_01994ACyYJVJfcoySYAdCGaw,5d4fbebf557535ebdcf651adda9f3b9d12093e3e7b3da50aedc79177fb876a4a,
17451,17222,ITA,"125.7(1)""qualifying period""(c.99)","begins on September 26, 2021",start,2021-09-26,,day,exact,msgbatch_01994ACyYJVJfcoySYAdCGaw,5d4fbebf557535ebdcf651adda9f3b9d12093e3e7b3da50aedc79177fb876a4a,
17451,17222,ITA,"125.7(1)""qualifying period""(c.99)","ends on October 23, 2021",end,2021-10-23,,day,exact,msgbatch_01994ACyYJVJfcoySYAdCGaw,5d4fbebf557535ebdcf651adda9f3b9d12093e3e7b3da50aedc79177fb876a4a,
17452,17222,ITA,"125.7(1)""qualifying period""(c.991)","begins on October 24, 2021",start,2021-10-24,,day,exact,msgbatch_01994ACyYJVJfcoySYAdCGaw,5d4fbebf557535ebdcf651adda9f3b9d12093e3e7b3da50aedc79177fb876a4a,
17452,17222,ITA,"125.7(1)""qualifying period""(c.991)","ends on November 20, 2021",end,2021-11-20,,day,exact,msgbatch_01994ACyYJVJfcoySYAdCGaw,5d4fbebf557535ebdcf651adda9f3b9d12093e3e7b3da50aedc79177fb876a4a,
17453,17222,ITA,"125.7(1)""qualifying period""(c.992)","begins on November 21, 2021",start,2021-11-21,,day,exact,msgbatch_01994ACyYJVJfcoySYAdCGaw,5d4fbebf557535ebdcf651adda9f3b9d12093e3e7b3da50aedc79177fb876a4a,
17453,17222,ITA,"125.7(1)""qualifying period""(c.992)","ends on December 18, 2021",end,2021-12-18,,day,exact,msgbatch_01994ACyYJVJfcoySYAdCGaw,5d4fbebf557535ebdcf651adda9f3b9d12093e3e7b3da50aedc79177fb876a4a,
17454,17222,ITA,"125.7(1)""qualifying period""(c.993)","begins on December 19, 2021",start,2021-12-19,,day,exact,msgbatch_01994ACyYJVJfcoySYAdCGaw,5d4fbebf557535ebdcf651adda9f3b9d12093e3e7b3da50aedc79177fb876a4a,
17454,17222,ITA,"125.7(1)""qualifying period""(c.993)","ends on January 15, 2022",end,2022-01-15,,day,exact,msgbatch_01994ACyYJVJfcoySYAdCGaw,5d4fbebf557535ebdcf651adda9f3b9d12093e3e7b3da50aedc79177fb876a4a,
17455,17222,ITA,"125.7(1)""qualifying period""(c.994)","begins on January 16, 2022",start,2022-01-16,,day,exact,msgbatch_01994ACyYJVJfcoySYAdCGaw,5d4fbebf557535ebdcf651adda9f3b9d12093e3e7b3da50aedc79177fb876a4a,
17455,17222,ITA,"125.7(1)""qualifying period""(c.994)","ends on February 12, 2022",end,2022-02-12,,day,exact,msgbatch_01994ACyYJVJfcoySYAdCGaw,5d4fbebf557535ebdcf651adda9f3b9d12093e3e7b3da50aedc79177fb876a4a,
17456,17222,ITA,"125.7(1)""qualifying period""(c.995)","begins on February 13, 2022",start,2022-02-13,,day,exact,msgbatch_01994ACyYJVJfcoySYAdCGaw,5d4fbebf557535ebdcf651adda9f3b9d12093e3e7b3da50aedc79177fb876a4a,
17456,17222,ITA,"125.7(1)""qualifying period""(c.995)","ends on March 12, 2022",end,2022-03-12,,day,exact,msgbatch_01994ACyYJVJfcoySYAdCGaw,5d4fbebf557535ebdcf651adda9f3b9d12093e3e7b3da50aedc79177fb876a4a,
17457,17222,ITA,"125.7(1)""qualifying period""(c.996)","begins on March 13, 2022",start,2022-03-13,,day,exact,msgbatch_01994ACyYJVJfcoySYAdCGaw,5d4fbebf557535ebdcf651adda9f3b9d12093e3e7b3da50aedc79177fb876a4a,
17457,17222,ITA,"125.7(1)""qualifying period""(c.996)","ends on April 9, 2022",end,2022-04-09,,day,exact,msgbatch_01994ACyYJVJfcoySYAdCGaw,5d4fbebf557535ebdcf651adda9f3b9d12093e3e7b3da50aedc79177fb876a4a,
17458,17222,ITA,"125.7(1)""qualifying period""(c.997)","begins on April 10, 2022",start,2022-04-10,,day,exact,msgbatch_01994ACyYJVJfcoySYAdCGaw,5d4fbebf557535ebdcf651adda9f3b9d12093e3e7b3da50aedc79177fb876a4a,
17458,17222,ITA,"125.7(1)""qualifying period""(c.997)","ends on May 7, 2022",end,2022-05-07,,day,exact,msgbatch_01994ACyYJVJfcoySYAdCGaw,5d4fbebf557535ebdcf651adda9f3b9d12093e3e7b3da50aedc79177fb876a4a,
17459,17222,ITA,"125.7(1)""qualifying period""(d)","a prescribed period that ends no later than July 2, 2022",end,2022-07-02,,day,exact,msgbatch_01MAMQYzwFgpXmFNT65qsCPu,105e4ae4d8e52a8264a85f937a329ac261025c3f3a2c4e8ffe45914bac17f16e,
17476,17222,ITA,"125.7(1)""qualifying rent expense""~f1","pursuant to the renewal (on substantially similar terms) or assignment of a written agreement entered into before October 9, 2020",end,2020-10-09,,day,exact,msgbatch_01MAMQYzwFgpXmFNT65qsCPu,105e4ae4d8e52a8264a85f937a329ac261025c3f3a2c4e8ffe45914bac17f16e,
17476,17222,ITA,"125.7(1)""qualifying rent expense""~f1","under a written agreement entered into before October 9, 2020",end,2020-10-09,,day,exact,msgbatch_01MAMQYzwFgpXmFNT65qsCPu,105e4ae4d8e52a8264a85f937a329ac261025c3f3a2c4e8ffe45914bac17f16e,
17482,17222,ITA,"125.7(1)""qualifying renter""(c)(ii)","it had a business number on September 27, 2020",at,2020-09-27,,day,exact,msgbatch_01994ACyYJVJfcoySYAdCGaw,5d4fbebf557535ebdcf651adda9f3b9d12093e3e7b3da50aedc79177fb876a4a,
17693,17629,ITA,126(2.2),as it read in its application before 1993,end,,1993,year,exact,msgbatch_01MAMQYzwFgpXmFNT65qsCPu,105e4ae4d8e52a8264a85f937a329ac261025c3f3a2c4e8ffe45914bac17f16e,
17693,17629,ITA,126(2.2),"as it read in its application before October 2, 1996",end,1996-10-02,,day,exact,msgbatch_01MAMQYzwFgpXmFNT65qsCPu,105e4ae4d8e52a8264a85f937a329ac261025c3f3a2c4e8ffe45914bac17f16e,
17700,17629,ITA,126(2.21),"after October 1, 1996",start,1996-10-01,,day,exact,msgbatch_01MAMQYzwFgpXmFNT65qsCPu,105e4ae4d8e52a8264a85f937a329ac261025c3f3a2c4e8ffe45914bac17f16e,
17711,17629,ITA,126(2.22),"on a distribution after October 1, 1996",start,1996-10-01,,day,exact,msgbatch_01MAMQYzwFgpXmFNT65qsCPu,105e4ae4d8e52a8264a85f937a329ac261025c3f3a2c4e8ffe45914bac17f16e,
17746,17629,ITA,126(4.1),"at any time after February 23, 1998",start,1998-02-23,,day,exact,msgbatch_01994ACyYJVJfcoySYAdCGaw,5d4fbebf557535ebdcf651adda9f3b9d12093e3e7b3da50aedc79177fb876a4a,
17760,17629,ITA,126(4.2)~f1,that proportion of 15% that the number of days in the taxation year that are after 2011,step_down,,2011,year,exact,msgbatch_01994ACyYJVJfcoySYAdCGaw,5d4fbebf557535ebdcf651adda9f3b9d12093e3e7b3da50aedc79177fb876a4a,
17760,17629,ITA,126(4.2)~f1,that proportion of 16.5% that the number of days in the taxation year that are in 2011,step_down,,2011,year,exact,msgbatch_01994ACyYJVJfcoySYAdCGaw,5d4fbebf557535ebdcf651adda9f3b9d12093e3e7b3da50aedc79177fb876a4a,
17760,17629,ITA,126(4.2)~f1,that proportion of 25% that the number of days in the taxation year that are after 2011,step_down,,2011,year,exact,msgbatch_01994ACyYJVJfcoySYAdCGaw,5d4fbebf557535ebdcf651adda9f3b9d12093e3e7b3da50aedc79177fb876a4a,
17760,17629,ITA,126(4.2)~f1,that proportion of 26.5% that the number of days in the taxation year that are in 2011,step_down,,2011,year,exact,msgbatch_01994ACyYJVJfcoySYAdCGaw,5d4fbebf557535ebdcf651adda9f3b9d12093e3e7b3da50aedc79177fb876a4a,
17760,17629,ITA,126(4.2)~f1,that proportion of 28% that the number of days in the taxation year that are after 2010,step_down,,2010,year,exact,msgbatch_01994ACyYJVJfcoySYAdCGaw,5d4fbebf557535ebdcf651adda9f3b9d12093e3e7b3da50aedc79177fb876a4a,
17764,17629,ITA,126(4.3)(c),"last acquired by the taxpayer before February 24, 1998",end,1998-02-24,,day,exact,msgbatch_01MAMQYzwFgpXmFNT65qsCPu,105e4ae4d8e52a8264a85f937a329ac261025c3f3a2c4e8ffe45914bac17f16e,
17782,17629,ITA,126(5)(a)(i)(A),that proportion of 26.5% that the number of days in the taxation year that are in 2011 is of the number of days in the taxation year,step_down,,2011,year,exact,msgbatch_01994ACyYJVJfcoySYAdCGaw,5d4fbebf557535ebdcf651adda9f3b9d12093e3e7b3da50aedc79177fb876a4a,
17783,17629,ITA,126(5)(a)(i)(B),the number of days in the taxation year that are after 2011,start,,2011,year,exact,msgbatch_01994ACyYJVJfcoySYAdCGaw,5d4fbebf557535ebdcf651adda9f3b9d12093e3e7b3da50aedc79177fb876a4a,
18367,17863,ITA,127(10.7)(a),for a preceding taxation year that began before 1996,end,,1996,year,exact,msgbatch_01MAMQYzwFgpXmFNT65qsCPu,105e4ae4d8e52a8264a85f937a329ac261025c3f3a2c4e8ffe45914bac17f16e,
18368,17863,ITA,127(10.7)(b),a preceding taxation year that began before 1996,end,,1996,year,exact,msgbatch_01MAMQYzwFgpXmFNT65qsCPu,105e4ae4d8e52a8264a85f937a329ac261025c3f3a2c4e8ffe45914bac17f16e,
18377,17863,ITA,127(10.8)(a)(ii),for taxation years that began before 1996,end,,1996,year,exact,msgbatch_01MAMQYzwFgpXmFNT65qsCPu,105e4ae4d8e52a8264a85f937a329ac261025c3f3a2c4e8ffe45914bac17f16e,
18378,17863,ITA,127(10.8)(a)(iii),for taxation years that began before 1996,end,,1996,year,exact,msgbatch_01MAMQYzwFgpXmFNT65qsCPu,105e4ae4d8e52a8264a85f937a329ac261025c3f3a2c4e8ffe45914bac17f16e,
18538,17863,ITA,127(27)(d),"after February 23, 1998",start,1998-02-23,,day,exact,msgbatch_01MAMQYzwFgpXmFNT65qsCPu,105e4ae4d8e52a8264a85f937a329ac261025c3f3a2c4e8ffe45914bac17f16e,
18558,17863,ITA,127(28)(c),"after February 23, 1998",start,1998-02-23,,day,exact,msgbatch_01MAMQYzwFgpXmFNT65qsCPu,105e4ae4d8e52a8264a85f937a329ac261025c3f3a2c4e8ffe45914bac17f16e,
18569,17863,ITA,127(29)(d),"after February 23, 1998",start,1998-02-23,,day,exact,msgbatch_01MAMQYzwFgpXmFNT65qsCPu,105e4ae4d8e52a8264a85f937a329ac261025c3f3a2c4e8ffe45914bac17f16e,
18584,17863,ITA,127(34),"after February 23, 1998",start,1998-02-23,,day,exact,msgbatch_01MAMQYzwFgpXmFNT65qsCPu,105e4ae4d8e52a8264a85f937a329ac261025c3f3a2c4e8ffe45914bac17f16e,
18594,17863,ITA,127(35),"after February 23, 1998",start,1998-02-23,,day,exact,msgbatch_01MAMQYzwFgpXmFNT65qsCPu,105e4ae4d8e52a8264a85f937a329ac261025c3f3a2c4e8ffe45914bac17f16e,
18606,17863,ITA,127(36)(b),that have ended after 1997,start,,1997,year,exact,msgbatch_01MAMQYzwFgpXmFNT65qsCPu,105e4ae4d8e52a8264a85f937a329ac261025c3f3a2c4e8ffe45914bac17f16e,
17948,17863,ITA,"127(9)""apprenticeship expenditure""(b)","in the taxation year and on or after May 2, 2006",start,2006-05-02,,day,exact,msgbatch_01994ACyYJVJfcoySYAdCGaw,5d4fbebf557535ebdcf651adda9f3b9d12093e3e7b3da50aedc79177fb876a4a,
17949,17863,ITA,"127(9)""approved project""","on application in writing before July, 1988",end,1988-07,,month,exact,msgbatch_01MAMQYzwFgpXmFNT65qsCPu,105e4ae4d8e52a8264a85f937a329ac261025c3f3a2c4e8ffe45914bac17f16e,
17955,17863,ITA,"127(9)""certified property""(a)(i)","after October 28, 1980",start,1980-10-28,,day,exact,msgbatch_01MAMQYzwFgpXmFNT65qsCPu,105e4ae4d8e52a8264a85f937a329ac261025c3f3a2c4e8ffe45914bac17f16e,
17956,17863,ITA,"127(9)""certified property""(a)(i)(A)",before 1987,end,,1987,year,exact,msgbatch_01MAMQYzwFgpXmFNT65qsCPu,105e4ae4d8e52a8264a85f937a329ac261025c3f3a2c4e8ffe45914bac17f16e,
17957,17863,ITA,"127(9)""certified property""(a)(i)(B)",before 1988,end,,1988,year,exact,msgbatch_01MAMQYzwFgpXmFNT65qsCPu,105e4ae4d8e52a8264a85f937a329ac261025c3f3a2c4e8ffe45914bac17f16e,
17958,17863,ITA,"127(9)""certified property""(a)(i)(B)(I)",a building under construction before 1987,end,,1987,year,exact,msgbatch_01MAMQYzwFgpXmFNT65qsCPu,105e4ae4d8e52a8264a85f937a329ac261025c3f3a2c4e8ffe45914bac17f16e,
17959,17863,ITA,"127(9)""certified property""(a)(i)(B)(II)",ordered in writing by the taxpayer before 1987,end,,1987,year,exact,msgbatch_01MAMQYzwFgpXmFNT65qsCPu,105e4ae4d8e52a8264a85f937a329ac261025c3f3a2c4e8ffe45914bac17f16e,
17960,17863,ITA,"127(9)""certified property""(a)(ii)",after 1986,start,,1986,year,exact,msgbatch_01MAMQYzwFgpXmFNT65qsCPu,105e4ae4d8e52a8264a85f937a329ac261025c3f3a2c4e8ffe45914bac17f16e,
17960,17863,ITA,"127(9)""certified property""(a)(ii)",before 1989,end,,1989,year,exact,msgbatch_01MAMQYzwFgpXmFNT65qsCPu,105e4ae4d8e52a8264a85f937a329ac261025c3f3a2c4e8ffe45914bac17f16e,
17961,17863,ITA,"127(9)""certified property""(a)(iii)",after 1988,start,,1988,year,exact,msgbatch_01MAMQYzwFgpXmFNT65qsCPu,105e4ae4d8e52a8264a85f937a329ac261025c3f3a2c4e8ffe45914bac17f16e,
17961,17863,ITA,"127(9)""certified property""(a)(iii)",before 1995,end,,1995,year,exact,msgbatch_01MAMQYzwFgpXmFNT65qsCPu,105e4ae4d8e52a8264a85f937a329ac261025c3f3a2c4e8ffe45914bac17f16e,
17962,17863,ITA,"127(9)""certified property""(a)(iv)",after 1994,start,,1994,year,exact,msgbatch_01MAMQYzwFgpXmFNT65qsCPu,105e4ae4d8e52a8264a85f937a329ac261025c3f3a2c4e8ffe45914bac17f16e,
17962,17863,ITA,"127(9)""certified property""(a)(iv)",before 1996,end,,1996,year,exact,msgbatch_01MAMQYzwFgpXmFNT65qsCPu,105e4ae4d8e52a8264a85f937a329ac261025c3f3a2c4e8ffe45914bac17f16e,
17963,17863,ITA,"127(9)""certified property""(a)(iv)(A)","before February 22, 1994",end,1994-02-22,,day,exact,msgbatch_01MAMQYzwFgpXmFNT65qsCPu,105e4ae4d8e52a8264a85f937a329ac261025c3f3a2c4e8ffe45914bac17f16e,
17964,17863,ITA,"127(9)""certified property""(a)(iv)(B)",begins before 1995,end,,1995,year,exact,msgbatch_01MAMQYzwFgpXmFNT65qsCPu,105e4ae4d8e52a8264a85f937a329ac261025c3f3a2c4e8ffe45914bac17f16e,
17965,17863,ITA,"127(9)""certified property""(a)(v)",after 1994,start,,1994,year,exact,msgbatch_01MAMQYzwFgpXmFNT65qsCPu,105e4ae4d8e52a8264a85f937a329ac261025c3f3a2c4e8ffe45914bac17f16e,
17966,17863,ITA,"127(9)""certified property""(a)(v)(A)","entered into by the taxpayer before February 22, 1994",end,1994-02-22,,day,exact,msgbatch_01MAMQYzwFgpXmFNT65qsCPu,105e4ae4d8e52a8264a85f937a329ac261025c3f3a2c4e8ffe45914bac17f16e,
17967,17863,ITA,"127(9)""certified property""(a)(v)(B)","was under construction by or on behalf of the taxpayer on February 22, 1994",at,1994-02-22,,day,exact,msgbatch_01994ACyYJVJfcoySYAdCGaw,5d4fbebf557535ebdcf651adda9f3b9d12093e3e7b3da50aedc79177fb876a4a,
17968,17863,ITA,"127(9)""certified property""(a)(v)(C)","under construction by or on behalf of the taxpayer on February 22, 1994",at,1994-02-22,,day,exact,msgbatch_01994ACyYJVJfcoySYAdCGaw,5d4fbebf557535ebdcf651adda9f3b9d12093e3e7b3da50aedc79177fb876a4a,
18006,17863,ITA,"127(9)""flow-through critical mineral mining expenditure""(a)","incurred by a corporation after April 7, 2022",start,2022-04-07,,day,exact,msgbatch_01MAMQYzwFgpXmFNT65qsCPu,105e4ae4d8e52a8264a85f937a329ac261025c3f3a2c4e8ffe45914bac17f16e,
18013,17863,ITA,"127(9)""flow-through critical mineral mining expenditure""(c)","made after April 7, 2022",start,2022-04-07,,day,exact,msgbatch_01MAMQYzwFgpXmFNT65qsCPu,105e4ae4d8e52a8264a85f937a329ac261025c3f3a2c4e8ffe45914bac17f16e,
18013,17863,ITA,"127(9)""flow-through critical mineral mining expenditure""(c)","on or before March 31, 2027",end,2027-03-31,,day,exact,msgbatch_01MAMQYzwFgpXmFNT65qsCPu,105e4ae4d8e52a8264a85f937a329ac261025c3f3a2c4e8ffe45914bac17f16e,
18014,17863,ITA,"127(9)""flow-through critical mineral mining expenditure""(d)","made after April 7, 2022",start,2022-04-07,,day,exact,msgbatch_01MAMQYzwFgpXmFNT65qsCPu,105e4ae4d8e52a8264a85f937a329ac261025c3f3a2c4e8ffe45914bac17f16e,
18014,17863,ITA,"127(9)""flow-through critical mineral mining expenditure""(d)","on or before March 31, 2027",end,2027-03-31,,day,exact,msgbatch_01MAMQYzwFgpXmFNT65qsCPu,105e4ae4d8e52a8264a85f937a329ac261025c3f3a2c4e8ffe45914bac17f16e,
18020,17863,ITA,"127(9)""flow-through mining expenditure""(a)",deemed by subsection 66(12.66) to be incurred before 2028,end,,2028,year,exact,msgbatch_01MAMQYzwFgpXmFNT65qsCPu,105e4ae4d8e52a8264a85f937a329ac261025c3f3a2c4e8ffe45914bac17f16e,
18020,17863,ITA,"127(9)""flow-through mining expenditure""(a)",incurred by a corporation after March 2025 and before 2028,start,2025-03,,month,exact,msgbatch_01MAMQYzwFgpXmFNT65qsCPu,105e4ae4d8e52a8264a85f937a329ac261025c3f3a2c4e8ffe45914bac17f16e,
18020,17863,ITA,"127(9)""flow-through mining expenditure""(a)",incurred by a corporation after March 2025 and before 2028,end,,2028,year,exact,msgbatch_01MAMQYzwFgpXmFNT65qsCPu,105e4ae4d8e52a8264a85f937a329ac261025c3f3a2c4e8ffe45914bac17f16e,
18027,17863,ITA,"127(9)""flow-through mining expenditure""(c)",before April 2027,end,2027-04,,month,exact,msgbatch_01MAMQYzwFgpXmFNT65qsCPu,105e4ae4d8e52a8264a85f937a329ac261025c3f3a2c4e8ffe45914bac17f16e,
18027,17863,ITA,"127(9)""flow-through mining expenditure""(c)",made after March 2025,start,2025-03,,month,exact,msgbatch_01MAMQYzwFgpXmFNT65qsCPu,105e4ae4d8e52a8264a85f937a329ac261025c3f3a2c4e8ffe45914bac17f16e,
18028,17863,ITA,"127(9)""flow-through mining expenditure""(d)",before April 2027,end,2027-04,,month,exact,msgbatch_01MAMQYzwFgpXmFNT65qsCPu,105e4ae4d8e52a8264a85f937a329ac261025c3f3a2c4e8ffe45914bac17f16e,
18028,17863,ITA,"127(9)""flow-through mining expenditure""(d)",made after March 2025,start,2025-03,,month,exact,msgbatch_01MAMQYzwFgpXmFNT65qsCPu,105e4ae4d8e52a8264a85f937a329ac261025c3f3a2c4e8ffe45914bac17f16e,
18048,17863,ITA,"127(9)""investment tax credit""(e.1)(ii)",for taxation years that began before 1996,end,,1996,year,exact,msgbatch_01MAMQYzwFgpXmFNT65qsCPu,105e4ae4d8e52a8264a85f937a329ac261025c3f3a2c4e8ffe45914bac17f16e,
18049,17863,ITA,"127(9)""investment tax credit""(e.1)(iii)",for taxation years that began before 1996,end,,1996,year,exact,msgbatch_01MAMQYzwFgpXmFNT65qsCPu,105e4ae4d8e52a8264a85f937a329ac261025c3f3a2c4e8ffe45914bac17f16e,
18055,17863,ITA,"127(9)""investment tax credit""(e.2)(i)",for taxation years that began before 1996,end,,1996,year,exact,msgbatch_01MAMQYzwFgpXmFNT65qsCPu,105e4ae4d8e52a8264a85f937a329ac261025c3f3a2c4e8ffe45914bac17f16e,
18079,17863,ITA,"127(9)""phase""","attained before March 29, 2012",end,2012-03-29,,day,exact,msgbatch_01MAMQYzwFgpXmFNT65qsCPu,105e4ae4d8e52a8264a85f937a329ac261025c3f3a2c4e8ffe45914bac17f16e,
18080,17863,ITA,"127(9)""pre-production mining expenditure""",incurred after 2002,start,,2002,year,exact,msgbatch_01MAMQYzwFgpXmFNT65qsCPu,105e4ae4d8e52a8264a85f937a329ac261025c3f3a2c4e8ffe45914bac17f16e,
18115,17863,ITA,"127(9)""qualified property""(a)","acquired by the taxpayer after June 23, 1975",start,1975-06-23,,day,exact,msgbatch_01MAMQYzwFgpXmFNT65qsCPu,105e4ae4d8e52a8264a85f937a329ac261025c3f3a2c4e8ffe45914bac17f16e,
18116,17863,ITA,"127(9)""qualified property""(b)","acquired by the taxpayer after June 23, 1975",start,1975-06-23,,day,exact,msgbatch_01MAMQYzwFgpXmFNT65qsCPu,105e4ae4d8e52a8264a85f937a329ac261025c3f3a2c4e8ffe45914bac17f16e,
18117,17863,ITA,"127(9)""qualified property""(b.1)","acquired by the taxpayer after March 28, 2012",start,2012-03-28,,day,exact,msgbatch_01MAMQYzwFgpXmFNT65qsCPu,105e4ae4d8e52a8264a85f937a329ac261025c3f3a2c4e8ffe45914bac17f16e,
18136,17863,ITA,"127(9)""qualified resource property""","acquired by the taxpayer after March 28, 2012",start,2012-03-28,,day,exact,msgbatch_01MAMQYzwFgpXmFNT65qsCPu,105e4ae4d8e52a8264a85f937a329ac261025c3f3a2c4e8ffe45914bac17f16e,
18160,17863,ITA,"127(9)""specified percentage""(a)(i)","acquired before April, 1977, 5%",step_down,1977-04,,month,exact,msgbatch_01994ACyYJVJfcoySYAdCGaw,5d4fbebf557535ebdcf651adda9f3b9d12093e3e7b3da50aedc79177fb876a4a,
18161,17863,ITA,"127(9)""specified percentage""(a)(ii)","acquired after March 31, 1977",start,1977-03-31,,day,exact,msgbatch_016eDcdn9uNXaHf3uegqfihG,5d4fbebf557535ebdcf651adda9f3b9d12093e3e7b3da50aedc79177fb876a4a,
18161,17863,ITA,"127(9)""specified percentage""(a)(ii)","before November 17, 1978",end,1978-11-17,,day,exact,msgbatch_016eDcdn9uNXaHf3uegqfihG,5d4fbebf557535ebdcf651adda9f3b9d12093e3e7b3da50aedc79177fb876a4a,
18166,17863,ITA,"127(9)""specified percentage""(a)(iii)(A)","after November 16, 1978 and before 1989, 20%",step_down,1978-11-16,,day,exact,msgbatch_01994ACyYJVJfcoySYAdCGaw,5d4fbebf557535ebdcf651adda9f3b9d12093e3e7b3da50aedc79177fb876a4a,
18166,17863,ITA,"127(9)""specified percentage""(a)(iii)(A)","after November 16, 1978 and before 1989, 20%",step_down,,1989,year,exact,msgbatch_01994ACyYJVJfcoySYAdCGaw,5d4fbebf557535ebdcf651adda9f3b9d12093e3e7b3da50aedc79177fb876a4a,
18167,17863,ITA,"127(9)""specified percentage""(a)(iii)(B)",after 1988,step_down,,1988,year,exact,msgbatch_01994ACyYJVJfcoySYAdCGaw,5d4fbebf557535ebdcf651adda9f3b9d12093e3e7b3da50aedc79177fb876a4a,
18167,17863,ITA,"127(9)""specified percentage""(a)(iii)(B)",before 1995,step_down,,1995,year,exact,msgbatch_01994ACyYJVJfcoySYAdCGaw,5d4fbebf557535ebdcf651adda9f3b9d12093e3e7b3da50aedc79177fb876a4a,
18168,17863,ITA,"127(9)""specified percentage""(a)(iii)(C)","after 1994, 15%",step_down,,1994,year,exact,msgbatch_01994ACyYJVJfcoySYAdCGaw,5d4fbebf557535ebdcf651adda9f3b9d12093e3e7b3da50aedc79177fb876a4a,
18169,17863,ITA,"127(9)""specified percentage""(a)(iii)(C)(I)","entered into by the taxpayer before February 22, 1994",end,1994-02-22,,day,exact,msgbatch_01MAMQYzwFgpXmFNT65qsCPu,105e4ae4d8e52a8264a85f937a329ac261025c3f3a2c4e8ffe45914bac17f16e,
18170,17863,ITA,"127(9)""specified percentage""(a)(iii)(C)(II)","was under construction by or on behalf of the taxpayer on February 22, 1994",at,1994-02-22,,day,exact,msgbatch_01994ACyYJVJfcoySYAdCGaw,5d4fbebf557535ebdcf651adda9f3b9d12093e3e7b3da50aedc79177fb876a4a,
18171,17863,ITA,"127(9)""specified percentage""(a)(iii)(C)(III)","under construction by or on behalf of the taxpayer on February 22, 1994",at,1994-02-22,,day,exact,msgbatch_01994ACyYJVJfcoySYAdCGaw,5d4fbebf557535ebdcf651adda9f3b9d12093e3e7b3da50aedc79177fb876a4a,
18172,17863,ITA,"127(9)""specified percentage""(a)(iii)(D)","after 1994, 10%",step_down,,1994,year,exact,msgbatch_01994ACyYJVJfcoySYAdCGaw,5d4fbebf557535ebdcf651adda9f3b9d12093e3e7b3da50aedc79177fb876a4a,
18173,17863,ITA,"127(9)""specified percentage""(a)(iv)","acquired after November 16, 1978",step_down,1978-11-16,,day,exact,msgbatch_01994ACyYJVJfcoySYAdCGaw,5d4fbebf557535ebdcf651adda9f3b9d12093e3e7b3da50aedc79177fb876a4a,
18173,17863,ITA,"127(9)""specified percentage""(a)(iv)","before February 26, 1986",step_down,1986-02-26,,day,exact,msgbatch_01994ACyYJVJfcoySYAdCGaw,5d4fbebf557535ebdcf651adda9f3b9d12093e3e7b3da50aedc79177fb876a4a,
18175,17863,ITA,"127(9)""specified percentage""(a)(v)(A)","after February 25, 1986",step_down,1986-02-25,,day,exact,msgbatch_01994ACyYJVJfcoySYAdCGaw,5d4fbebf557535ebdcf651adda9f3b9d12093e3e7b3da50aedc79177fb876a4a,
18175,17863,ITA,"127(9)""specified percentage""(a)(v)(A)",before 1989,step_down,,1989,year,exact,msgbatch_01994ACyYJVJfcoySYAdCGaw,5d4fbebf557535ebdcf651adda9f3b9d12093e3e7b3da50aedc79177fb876a4a,
18176,17863,ITA,"127(9)""specified percentage""(a)(v)(B)",after 1988,step_down,,1988,year,exact,msgbatch_01994ACyYJVJfcoySYAdCGaw,5d4fbebf557535ebdcf651adda9f3b9d12093e3e7b3da50aedc79177fb876a4a,
18176,17863,ITA,"127(9)""specified percentage""(a)(v)(B)",before 1995,step_down,,1995,year,exact,msgbatch_01994ACyYJVJfcoySYAdCGaw,5d4fbebf557535ebdcf651adda9f3b9d12093e3e7b3da50aedc79177fb876a4a,
18177,17863,ITA,"127(9)""specified percentage""(a)(v)(C)","after 1994, 15%",step_down,,1994,year,exact,msgbatch_01994ACyYJVJfcoySYAdCGaw,5d4fbebf557535ebdcf651adda9f3b9d12093e3e7b3da50aedc79177fb876a4a,
18178,17863,ITA,"127(9)""specified percentage""(a)(v)(C)(I)","before February 22, 1994",end,1994-02-22,,day,exact,msgbatch_01MAMQYzwFgpXmFNT65qsCPu,105e4ae4d8e52a8264a85f937a329ac261025c3f3a2c4e8ffe45914bac17f16e,
18179,17863,ITA,"127(9)""specified percentage""(a)(v)(C)(II)","was under construction by or on behalf of the taxpayer on February 22, 1994",at,1994-02-22,,day,exact,msgbatch_01994ACyYJVJfcoySYAdCGaw,5d4fbebf557535ebdcf651adda9f3b9d12093e3e7b3da50aedc79177fb876a4a,
18180,17863,ITA,"127(9)""specified percentage""(a)(v)(C)(III)","under construction by or on behalf of the taxpayer on February 22, 1994",at,1994-02-22,,day,exact,msgbatch_01994ACyYJVJfcoySYAdCGaw,5d4fbebf557535ebdcf651adda9f3b9d12093e3e7b3da50aedc79177fb876a4a,
18181,17863,ITA,"127(9)""specified percentage""(a)(v)(D)","after 1994, 10%",step_down,,1994,year,exact,msgbatch_01994ACyYJVJfcoySYAdCGaw,5d4fbebf557535ebdcf651adda9f3b9d12093e3e7b3da50aedc79177fb876a4a,
18183,17863,ITA,"127(9)""specified percentage""(a)(vi)(A)","after November 16, 1978 and before 1987, 10%,",step_down,1978-11-16,,day,exact,msgbatch_01994ACyYJVJfcoySYAdCGaw,5d4fbebf557535ebdcf651adda9f3b9d12093e3e7b3da50aedc79177fb876a4a,
18183,17863,ITA,"127(9)""specified percentage""(a)(vi)(A)","after November 16, 1978 and before 1987, 10%,",step_down,,1987,year,exact,msgbatch_01994ACyYJVJfcoySYAdCGaw,5d4fbebf557535ebdcf651adda9f3b9d12093e3e7b3da50aedc79177fb876a4a,
18184,17863,ITA,"127(9)""specified percentage""(a)(vi)(B)","in 1987, 7%",step_down,,1987,year,exact,msgbatch_01994ACyYJVJfcoySYAdCGaw,5d4fbebf557535ebdcf651adda9f3b9d12093e3e7b3da50aedc79177fb876a4a,
18185,17863,ITA,"127(9)""specified percentage""(a)(vi)(C)","in 1988, 3%",step_down,,1988,year,exact,msgbatch_01994ACyYJVJfcoySYAdCGaw,5d4fbebf557535ebdcf651adda9f3b9d12093e3e7b3da50aedc79177fb876a4a,
18186,17863,ITA,"127(9)""specified percentage""(a)(vi)(D)","after 1988, 0%",step_down,,1988,year,exact,msgbatch_01994ACyYJVJfcoySYAdCGaw,5d4fbebf557535ebdcf651adda9f3b9d12093e3e7b3da50aedc79177fb876a4a,
18188,17863,ITA,"127(9)""specified percentage""(a)(vii)(A)","after November 16, 1978",step_down,1978-11-16,,day,exact,msgbatch_01994ACyYJVJfcoySYAdCGaw,5d4fbebf557535ebdcf651adda9f3b9d12093e3e7b3da50aedc79177fb876a4a,
18188,17863,ITA,"127(9)""specified percentage""(a)(vii)(A)",before 1987,step_down,,1987,year,exact,msgbatch_01994ACyYJVJfcoySYAdCGaw,5d4fbebf557535ebdcf651adda9f3b9d12093e3e7b3da50aedc79177fb876a4a,
18189,17863,ITA,"127(9)""specified percentage""(a)(vii)(B)","in 1987, 5%,",step_down,,1987,year,exact,msgbatch_01994ACyYJVJfcoySYAdCGaw,5d4fbebf557535ebdcf651adda9f3b9d12093e3e7b3da50aedc79177fb876a4a,
18190,17863,ITA,"127(9)""specified percentage""(a)(vii)(C)","in 1988, 3%",step_down,,1988,year,exact,msgbatch_01994ACyYJVJfcoySYAdCGaw,5d4fbebf557535ebdcf651adda9f3b9d12093e3e7b3da50aedc79177fb876a4a,
18191,17863,ITA,"127(9)""specified percentage""(a)(vii)(D)","after 1988, 0%",step_down,,1988,year,exact,msgbatch_01994ACyYJVJfcoySYAdCGaw,5d4fbebf557535ebdcf651adda9f3b9d12093e3e7b3da50aedc79177fb876a4a,
18193,17863,ITA,"127(9)""specified percentage""(a.1)(i)","after March 28, 2012",step_down,2012-03-28,,day,exact,msgbatch_01994ACyYJVJfcoySYAdCGaw,5d4fbebf557535ebdcf651adda9f3b9d12093e3e7b3da50aedc79177fb876a4a,
18193,17863,ITA,"127(9)""specified percentage""(a.1)(i)",before 2014,step_down,,2014,year,exact,msgbatch_01994ACyYJVJfcoySYAdCGaw,5d4fbebf557535ebdcf651adda9f3b9d12093e3e7b3da50aedc79177fb876a4a,
18194,17863,ITA,"127(9)""specified percentage""(a.1)(ii)",after 2013,step_down,,2013,year,exact,msgbatch_01994ACyYJVJfcoySYAdCGaw,5d4fbebf557535ebdcf651adda9f3b9d12093e3e7b3da50aedc79177fb876a4a,
18194,17863,ITA,"127(9)""specified percentage""(a.1)(ii)",before 2017,step_down,,2017,year,exact,msgbatch_01994ACyYJVJfcoySYAdCGaw,5d4fbebf557535ebdcf651adda9f3b9d12093e3e7b3da50aedc79177fb876a4a,
18195,17863,ITA,"127(9)""specified percentage""(a.1)(ii)(A)","entered into by the taxpayer before March 29, 2012",end,2012-03-29,,day,exact,msgbatch_01MAMQYzwFgpXmFNT65qsCPu,105e4ae4d8e52a8264a85f937a329ac261025c3f3a2c4e8ffe45914bac17f16e,
18197,17863,ITA,"127(9)""specified percentage""(a.1)(ii)(B)(I)","started by, or on behalf of, the taxpayer before March 29, 2012",end,2012-03-29,,day,exact,msgbatch_01MAMQYzwFgpXmFNT65qsCPu,105e4ae4d8e52a8264a85f937a329ac261025c3f3a2c4e8ffe45914bac17f16e,
18198,17863,ITA,"127(9)""specified percentage""(a.1)(ii)(B)(II)","was started by, or on behalf of, the taxpayer before March 29, 2012",end,2012-03-29,,day,exact,msgbatch_01MAMQYzwFgpXmFNT65qsCPu,105e4ae4d8e52a8264a85f937a329ac261025c3f3a2c4e8ffe45914bac17f16e,
18200,17863,ITA,"127(9)""specified percentage""(a.1)(iii)(A)","in 2014 and 2015, 5%",step_down,,2014,year,exact,msgbatch_01994ACyYJVJfcoySYAdCGaw,5d4fbebf557535ebdcf651adda9f3b9d12093e3e7b3da50aedc79177fb876a4a,
18200,17863,ITA,"127(9)""specified percentage""(a.1)(iii)(A)","in 2014 and 2015, 5%",step_down,,2015,year,exact,msgbatch_01994ACyYJVJfcoySYAdCGaw,5d4fbebf557535ebdcf651adda9f3b9d12093e3e7b3da50aedc79177fb876a4a,
18201,17863,ITA,"127(9)""specified percentage""(a.1)(iii)(B)","after 2015, 0%",step_down,,2015,year,exact,msgbatch_01994ACyYJVJfcoySYAdCGaw,5d4fbebf557535ebdcf651adda9f3b9d12093e3e7b3da50aedc79177fb876a4a,
18203,17863,ITA,"127(9)""specified percentage""(b)(i)","before 1987, 7%,",step_down,,1987,year,exact,msgbatch_01994ACyYJVJfcoySYAdCGaw,5d4fbebf557535ebdcf651adda9f3b9d12093e3e7b3da50aedc79177fb876a4a,
18204,17863,ITA,"127(9)""specified percentage""(b)(ii)","in 1987, 5%",step_down,,1987,year,exact,msgbatch_01994ACyYJVJfcoySYAdCGaw,5d4fbebf557535ebdcf651adda9f3b9d12093e3e7b3da50aedc79177fb876a4a,
18205,17863,ITA,"127(9)""specified percentage""(b)(iii)","in 1988, 3%",step_down,,1988,year,exact,msgbatch_01994ACyYJVJfcoySYAdCGaw,5d4fbebf557535ebdcf651adda9f3b9d12093e3e7b3da50aedc79177fb876a4a,
18207,17863,ITA,"127(9)""specified percentage""(c)(i)","before 1987, 7%,",step_down,,1987,year,exact,msgbatch_01994ACyYJVJfcoySYAdCGaw,5d4fbebf557535ebdcf651adda9f3b9d12093e3e7b3da50aedc79177fb876a4a,
18208,17863,ITA,"127(9)""specified percentage""(c)(ii)","in 1987, 5%",step_down,,1987,year,exact,msgbatch_01994ACyYJVJfcoySYAdCGaw,5d4fbebf557535ebdcf651adda9f3b9d12093e3e7b3da50aedc79177fb876a4a,
18209,17863,ITA,"127(9)""specified percentage""(c)(iii)","in 1988, 3%,",step_down,,1988,year,exact,msgbatch_01994ACyYJVJfcoySYAdCGaw,5d4fbebf557535ebdcf651adda9f3b9d12093e3e7b3da50aedc79177fb876a4a,
18215,17863,ITA,"127(9)""specified percentage""(e)(i)","after March 31, 1977",start,1977-03-31,,day,exact,msgbatch_016eDcdn9uNXaHf3uegqfihG,5d4fbebf557535ebdcf651adda9f3b9d12093e3e7b3da50aedc79177fb876a4a,
18215,17863,ITA,"127(9)""specified percentage""(e)(i)","before November 17, 1978",end,1978-11-17,,day,exact,msgbatch_016eDcdn9uNXaHf3uegqfihG,5d4fbebf557535ebdcf651adda9f3b9d12093e3e7b3da50aedc79177fb876a4a,
18219,17863,ITA,"127(9)""specified percentage""(e)(ii)","after November 16, 1978",start,1978-11-16,,day,exact,msgbatch_016eDcdn9uNXaHf3uegqfihG,5d4fbebf557535ebdcf651adda9f3b9d12093e3e7b3da50aedc79177fb876a4a,
18219,17863,ITA,"127(9)""specified percentage""(e)(ii)","before the taxpayer’s taxation year that includes November 1, 1983",end,1983-11-01,,day,exact,msgbatch_016eDcdn9uNXaHf3uegqfihG,5d4fbebf557535ebdcf651adda9f3b9d12093e3e7b3da50aedc79177fb876a4a,
18219,17863,ITA,"127(9)""specified percentage""(e)(ii)","in the taxpayer’s taxation year that includes November 1, 1983 or a subsequent taxation year",start,1983-11-01,,day,exact,msgbatch_016eDcdn9uNXaHf3uegqfihG,5d4fbebf557535ebdcf651adda9f3b9d12093e3e7b3da50aedc79177fb876a4a,
18224,17863,ITA,"127(9)""specified percentage""(e)(iii)","before January 1, 1985",end,1985-01-01,,day,exact,msgbatch_016eDcdn9uNXaHf3uegqfihG,5d4fbebf557535ebdcf651adda9f3b9d12093e3e7b3da50aedc79177fb876a4a,
18224,17863,ITA,"127(9)""specified percentage""(e)(iii)","ends after October 31, 1983",start,1983-10-31,,day,exact,msgbatch_016eDcdn9uNXaHf3uegqfihG,5d4fbebf557535ebdcf651adda9f3b9d12093e3e7b3da50aedc79177fb876a4a,
18230,17863,ITA,"127(9)""specified percentage""(e)(iv)(A)",after the taxpayer’s 1984 taxation year,start,,1984,year,exact,msgbatch_01MAMQYzwFgpXmFNT65qsCPu,105e4ae4d8e52a8264a85f937a329ac261025c3f3a2c4e8ffe45914bac17f16e,
18230,17863,ITA,"127(9)""specified percentage""(e)(iv)(A)",before 1995,end,,1995,year,exact,msgbatch_01MAMQYzwFgpXmFNT65qsCPu,105e4ae4d8e52a8264a85f937a329ac261025c3f3a2c4e8ffe45914bac17f16e,
18231,17863,ITA,"127(9)""specified percentage""(e)(iv)(B)",after 1994,start,,1994,year,exact,msgbatch_01MAMQYzwFgpXmFNT65qsCPu,105e4ae4d8e52a8264a85f937a329ac261025c3f3a2c4e8ffe45914bac17f16e,
18231,17863,ITA,"127(9)""specified percentage""(e)(iv)(B)","before February 22, 1994",end,1994-02-22,,day,exact,msgbatch_01MAMQYzwFgpXmFNT65qsCPu,105e4ae4d8e52a8264a85f937a329ac261025c3f3a2c4e8ffe45914bac17f16e,
18235,17863,ITA,"127(9)""specified percentage""(e)(v)","made by a taxpayer after 1994, 20%",step_down,,1994,year,exact,msgbatch_01994ACyYJVJfcoySYAdCGaw,5d4fbebf557535ebdcf651adda9f3b9d12093e3e7b3da50aedc79177fb876a4a,
18238,17863,ITA,"127(9)""specified percentage""(f)(ii)",for taxation years that began before 1996,end,,1996,year,exact,msgbatch_01MAMQYzwFgpXmFNT65qsCPu,105e4ae4d8e52a8264a85f937a329ac261025c3f3a2c4e8ffe45914bac17f16e,
18239,17863,ITA,"127(9)""specified percentage""(f)(iii)",for taxation years that began before 1996,end,,1996,year,exact,msgbatch_01MAMQYzwFgpXmFNT65qsCPu,105e4ae4d8e52a8264a85f937a329ac261025c3f3a2c4e8ffe45914bac17f16e,
18243,17863,ITA,"127(9)""specified percentage""(f.1)(i)(A)","before 2015, 20%",step_down,,2015,year,exact,msgbatch_01994ACyYJVJfcoySYAdCGaw,5d4fbebf557535ebdcf651adda9f3b9d12093e3e7b3da50aedc79177fb876a4a,
18244,17863,ITA,"127(9)""specified percentage""(f.1)(i)(B)","after 2014, 15%",step_down,,2014,year,exact,msgbatch_01994ACyYJVJfcoySYAdCGaw,5d4fbebf557535ebdcf651adda9f3b9d12093e3e7b3da50aedc79177fb876a4a,
18248,17863,ITA,"127(9)""specified percentage""(g)(i)","before 1989, 60%",step_down,,1989,year,exact,msgbatch_01994ACyYJVJfcoySYAdCGaw,5d4fbebf557535ebdcf651adda9f3b9d12093e3e7b3da50aedc79177fb876a4a,
18249,17863,ITA,"127(9)""specified percentage""(g)(ii)","after 1988, 45%",step_down,,1988,year,exact,msgbatch_01994ACyYJVJfcoySYAdCGaw,5d4fbebf557535ebdcf651adda9f3b9d12093e3e7b3da50aedc79177fb876a4a,
18253,17863,ITA,"127(9)""specified percentage""(j)(i)","before 2013, 10%",step_down,,2013,year,exact,msgbatch_01994ACyYJVJfcoySYAdCGaw,5d4fbebf557535ebdcf651adda9f3b9d12093e3e7b3da50aedc79177fb876a4a,
18254,17863,ITA,"127(9)""specified percentage""(j)(ii)","in 2013, 5%",step_down,,2013,year,exact,msgbatch_01994ACyYJVJfcoySYAdCGaw,5d4fbebf557535ebdcf651adda9f3b9d12093e3e7b3da50aedc79177fb876a4a,
18255,17863,ITA,"127(9)""specified percentage""(j)(iii)","after 2013, 0%",step_down,,2013,year,exact,msgbatch_01994ACyYJVJfcoySYAdCGaw,5d4fbebf557535ebdcf651adda9f3b9d12093e3e7b3da50aedc79177fb876a4a,
18257,17863,ITA,"127(9)""specified percentage""(k)(i)","before 2014, 10%,",step_down,,2014,year,exact,msgbatch_01994ACyYJVJfcoySYAdCGaw,5d4fbebf557535ebdcf651adda9f3b9d12093e3e7b3da50aedc79177fb876a4a,
18258,17863,ITA,"127(9)""specified percentage""(k)(ii)",after 2013,step_down,,2013,year,exact,msgbatch_01994ACyYJVJfcoySYAdCGaw,5d4fbebf557535ebdcf651adda9f3b9d12093e3e7b3da50aedc79177fb876a4a,
18258,17863,ITA,"127(9)""specified percentage""(k)(ii)",before 2016,step_down,,2016,year,exact,msgbatch_01994ACyYJVJfcoySYAdCGaw,5d4fbebf557535ebdcf651adda9f3b9d12093e3e7b3da50aedc79177fb876a4a,
18259,17863,ITA,"127(9)""specified percentage""(k)(ii)(A)","entered into by the taxpayer before March 29, 2012",end,2012-03-29,,day,exact,msgbatch_01MAMQYzwFgpXmFNT65qsCPu,105e4ae4d8e52a8264a85f937a329ac261025c3f3a2c4e8ffe45914bac17f16e,
18261,17863,ITA,"127(9)""specified percentage""(k)(ii)(B)(I)","the construction of the mine was started by, or on behalf of, the taxpayer before March 29, 2012",end,2012-03-29,,day,exact,msgbatch_01MAMQYzwFgpXmFNT65qsCPu,105e4ae4d8e52a8264a85f937a329ac261025c3f3a2c4e8ffe45914bac17f16e,
18262,17863,ITA,"127(9)""specified percentage""(k)(ii)(B)(II)","was started by, or on behalf of, the taxpayer before March 29, 2012",end,2012-03-29,,day,exact,msgbatch_01MAMQYzwFgpXmFNT65qsCPu,105e4ae4d8e52a8264a85f937a329ac261025c3f3a2c4e8ffe45914bac17f16e,
18264,17863,ITA,"127(9)""specified percentage""(k)(iii)(A)","in 2014, 7%",step_down,,2014,year,exact,msgbatch_01994ACyYJVJfcoySYAdCGaw,5d4fbebf557535ebdcf651adda9f3b9d12093e3e7b3da50aedc79177fb876a4a,
18265,17863,ITA,"127(9)""specified percentage""(k)(iii)(B)","in 2015, 5%",step_down,,2015,year,exact,msgbatch_01994ACyYJVJfcoySYAdCGaw,5d4fbebf557535ebdcf651adda9f3b9d12093e3e7b3da50aedc79177fb876a4a,
18266,17863,ITA,"127(9)""specified percentage""(k)(iii)(C)","after 2015, 0%",step_down,,2015,year,exact,msgbatch_01994ACyYJVJfcoySYAdCGaw,5d4fbebf557535ebdcf651adda9f3b9d12093e3e7b3da50aedc79177fb876a4a,
18284,17863,ITA,127(9.01)(b),that have ended after 1997,start,,1997,year,exact,msgbatch_01MAMQYzwFgpXmFNT65qsCPu,105e4ae4d8e52a8264a85f937a329ac261025c3f3a2c4e8ffe45914bac17f16e,
18287,17863,ITA,127(9.02)(b),that have ended after 1997,start,,1997,year,exact,msgbatch_01MAMQYzwFgpXmFNT65qsCPu,105e4ae4d8e52a8264a85f937a329ac261025c3f3a2c4e8ffe45914bac17f16e,
18767,18735,ITA,127.4(6)(a.1)(i),the taxation year for which a claim is made under subsection (2) in respect of the original acquisition is 2016,step_down,,2016,year,exact,msgbatch_01MAMQYzwFgpXmFNT65qsCPu,105e4ae4d8e52a8264a85f937a329ac261025c3f3a2c4e8ffe45914bac17f16e,
18770,18735,ITA,127.4(6)(a.2)(i),the taxation year for which a claim is made under subsection (2) in respect of the original acquisition is after 2016,start,,2016,year,exact,msgbatch_01MAMQYzwFgpXmFNT65qsCPu,105e4ae4d8e52a8264a85f937a329ac261025c3f3a2c4e8ffe45914bac17f16e,
18773,18735,ITA,127.4(6)(c),"the individual dies after December 5, 1996",start,1996-12-05,,day,exact,msgbatch_01MAMQYzwFgpXmFNT65qsCPu,105e4ae4d8e52a8264a85f937a329ac261025c3f3a2c4e8ffe45914bac17f16e,
18852,18839,ITA,"127.43(1)""qualifying period""","begins on September 1, 2021",start,2021-09-01,,day,exact,msgbatch_01994ACyYJVJfcoySYAdCGaw,5d4fbebf557535ebdcf651adda9f3b9d12093e3e7b3da50aedc79177fb876a4a,
18852,18839,ITA,"127.43(1)""qualifying period""","ends on December 31, 2022",end,2022-12-31,,day,exact,msgbatch_01994ACyYJVJfcoySYAdCGaw,5d4fbebf557535ebdcf651adda9f3b9d12093e3e7b3da50aedc79177fb876a4a,
18855,18839,ITA,"127.43(1)""total per location expense""(a)~f1",for the first taxation year that ends after 2021,start,,2021,year,exact,msgbatch_01MAMQYzwFgpXmFNT65qsCPu,105e4ae4d8e52a8264a85f937a329ac261025c3f3a2c4e8ffe45914bac17f16e,
18862,18839,ITA,127.43(2),a taxation year that ends after 2021,start,,2021,year,exact,msgbatch_01994ACyYJVJfcoySYAdCGaw,5d4fbebf557535ebdcf651adda9f3b9d12093e3e7b3da50aedc79177fb876a4a,
18863,18839,ITA,127.43(3),that ends after 2021,start,,2021,year,exact,msgbatch_016eDcdn9uNXaHf3uegqfihG,5d4fbebf557535ebdcf651adda9f3b9d12093e3e7b3da50aedc79177fb876a4a,
18977,18872,ITA,"127.44(1)""qualified CCUS project""(d)(i)","was on or before April 7, 2022",end,2022-04-07,,day,exact,msgbatch_01MAMQYzwFgpXmFNT65qsCPu,105e4ae4d8e52a8264a85f937a329ac261025c3f3a2c4e8ffe45914bac17f16e,
18986,18872,ITA,"127.44(1)""specified percentage""(a)(i)(A)",after 2021,step_down,,2021,year,exact,msgbatch_01994ACyYJVJfcoySYAdCGaw,5d4fbebf557535ebdcf651adda9f3b9d12093e3e7b3da50aedc79177fb876a4a,
18986,18872,ITA,"127.44(1)""specified percentage""(a)(i)(A)",before 2036,step_down,,2036,year,exact,msgbatch_01994ACyYJVJfcoySYAdCGaw,5d4fbebf557535ebdcf651adda9f3b9d12093e3e7b3da50aedc79177fb876a4a,
18987,18872,ITA,"127.44(1)""specified percentage""(a)(i)(B)","after 2035 and before 2041, 30%",step_down,,2035,year,exact,msgbatch_01994ACyYJVJfcoySYAdCGaw,5d4fbebf557535ebdcf651adda9f3b9d12093e3e7b3da50aedc79177fb876a4a,
18987,18872,ITA,"127.44(1)""specified percentage""(a)(i)(B)","after 2035 and before 2041, 30%",step_down,,2041,year,exact,msgbatch_01994ACyYJVJfcoySYAdCGaw,5d4fbebf557535ebdcf651adda9f3b9d12093e3e7b3da50aedc79177fb876a4a,
18988,18872,ITA,"127.44(1)""specified percentage""(a)(i)(C)","after 2040, 0%",step_down,,2040,year,exact,msgbatch_01994ACyYJVJfcoySYAdCGaw,5d4fbebf557535ebdcf651adda9f3b9d12093e3e7b3da50aedc79177fb876a4a,
18990,18872,ITA,"127.44(1)""specified percentage""(a)(ii)(A)","after 2021 and before 2036, 50%,",step_down,,2021,year,exact,msgbatch_01994ACyYJVJfcoySYAdCGaw,5d4fbebf557535ebdcf651adda9f3b9d12093e3e7b3da50aedc79177fb876a4a,
18990,18872,ITA,"127.44(1)""specified percentage""(a)(ii)(A)","after 2021 and before 2036, 50%,",step_down,,2036,year,exact,msgbatch_01994ACyYJVJfcoySYAdCGaw,5d4fbebf557535ebdcf651adda9f3b9d12093e3e7b3da50aedc79177fb876a4a,
18991,18872,ITA,"127.44(1)""specified percentage""(a)(ii)(B)",after 2035,step_down,,2035,year,exact,msgbatch_01994ACyYJVJfcoySYAdCGaw,5d4fbebf557535ebdcf651adda9f3b9d12093e3e7b3da50aedc79177fb876a4a,
18991,18872,ITA,"127.44(1)""specified percentage""(a)(ii)(B)",before 2041,step_down,,2041,year,exact,msgbatch_01994ACyYJVJfcoySYAdCGaw,5d4fbebf557535ebdcf651adda9f3b9d12093e3e7b3da50aedc79177fb876a4a,
18992,18872,ITA,"127.44(1)""specified percentage""(a)(ii)(C)","after 2040, 0%",step_down,,2040,year,exact,msgbatch_01994ACyYJVJfcoySYAdCGaw,5d4fbebf557535ebdcf651adda9f3b9d12093e3e7b3da50aedc79177fb876a4a,
18994,18872,ITA,"127.44(1)""specified percentage""(b)(i)",after 2021,step_down,,2021,year,exact,msgbatch_01994ACyYJVJfcoySYAdCGaw,5d4fbebf557535ebdcf651adda9f3b9d12093e3e7b3da50aedc79177fb876a4a,
18994,18872,ITA,"127.44(1)""specified percentage""(b)(i)",before 2036,step_down,,2036,year,exact,msgbatch_01994ACyYJVJfcoySYAdCGaw,5d4fbebf557535ebdcf651adda9f3b9d12093e3e7b3da50aedc79177fb876a4a,
18995,18872,ITA,"127.44(1)""specified percentage""(b)(ii)",after 2035,step_down,,2035,year,exact,msgbatch_01994ACyYJVJfcoySYAdCGaw,5d4fbebf557535ebdcf651adda9f3b9d12093e3e7b3da50aedc79177fb876a4a,
18995,18872,ITA,"127.44(1)""specified percentage""(b)(ii)",before 2041,step_down,,2041,year,exact,msgbatch_01994ACyYJVJfcoySYAdCGaw,5d4fbebf557535ebdcf651adda9f3b9d12093e3e7b3da50aedc79177fb876a4a,
18996,18872,ITA,"127.44(1)""specified percentage""(b)(iii)","after 2040, 0%",step_down,,2040,year,exact,msgbatch_01994ACyYJVJfcoySYAdCGaw,5d4fbebf557535ebdcf651adda9f3b9d12093e3e7b3da50aedc79177fb876a4a,
19077,18872,ITA,127.44(17),"until the later of December 31, 2026 and one year after the filing-due date referred to in subsection (2)",end,2026-12-31,,day,exact,msgbatch_01MAMQYzwFgpXmFNT65qsCPu,105e4ae4d8e52a8264a85f937a329ac261025c3f3a2c4e8ffe45914bac17f16e,
19026,18872,ITA,127.44(9)(b)(i),after 2040,end,,2040,year,exact,msgbatch_01MAMQYzwFgpXmFNT65qsCPu,105e4ae4d8e52a8264a85f937a329ac261025c3f3a2c4e8ffe45914bac17f16e,
19026,18872,ITA,127.44(9)(b)(i),incurred by the taxpayer before 2022,start,,2022,year,exact,msgbatch_01MAMQYzwFgpXmFNT65qsCPu,105e4ae4d8e52a8264a85f937a329ac261025c3f3a2c4e8ffe45914bac17f16e,
19101,19078,ITA,"127.45(1)""clean technology property""(d)(viii)","acquired after November 20, 2023",start,2023-11-20,,day,exact,msgbatch_01MAMQYzwFgpXmFNT65qsCPu,105e4ae4d8e52a8264a85f937a329ac261025c3f3a2c4e8ffe45914bac17f16e,
19174,19078,ITA,"127.45(1)""specified percentage""(a)","before March 28, 2023",end,2023-03-28,,day,exact,msgbatch_01MAMQYzwFgpXmFNT65qsCPu,105e4ae4d8e52a8264a85f937a329ac261025c3f3a2c4e8ffe45914bac17f16e,
19176,19078,ITA,"127.45(1)""specified percentage""(b)(i)","before January 1, 2034",step_down,2034-01-01,,day,exact,msgbatch_01994ACyYJVJfcoySYAdCGaw,5d4fbebf557535ebdcf651adda9f3b9d12093e3e7b3da50aedc79177fb876a4a,
19176,19078,ITA,"127.45(1)""specified percentage""(b)(i)","on or after March 28, 2023",step_down,2023-03-28,,day,exact,msgbatch_01994ACyYJVJfcoySYAdCGaw,5d4fbebf557535ebdcf651adda9f3b9d12093e3e7b3da50aedc79177fb876a4a,
19177,19078,ITA,"127.45(1)""specified percentage""(b)(ii)","after December 31, 2033",step_down,2033-12-31,,day,exact,msgbatch_01994ACyYJVJfcoySYAdCGaw,5d4fbebf557535ebdcf651adda9f3b9d12093e3e7b3da50aedc79177fb876a4a,
19177,19078,ITA,"127.45(1)""specified percentage""(b)(ii)","before January 1, 2035",step_down,2035-01-01,,day,exact,msgbatch_01994ACyYJVJfcoySYAdCGaw,5d4fbebf557535ebdcf651adda9f3b9d12093e3e7b3da50aedc79177fb876a4a,
19178,19078,ITA,"127.45(1)""specified percentage""(c)","after December 31, 2034, nil",step_down,2034-12-31,,day,exact,msgbatch_01MAMQYzwFgpXmFNT65qsCPu,105e4ae4d8e52a8264a85f937a329ac261025c3f3a2c4e8ffe45914bac17f16e,
19237,19078,ITA,127.45(3),"on or before the later of December 31, 2026 and the day that is one year after the taxpayer’s filing-due date for the year",end,2026-12-31,,day,exact,msgbatch_01MAMQYzwFgpXmFNT65qsCPu,105e4ae4d8e52a8264a85f937a329ac261025c3f3a2c4e8ffe45914bac17f16e,
19456,19410,ITA,"127.48(1)""eligible clean hydrogen property""(a)","on or after March 28, 2023",start,2023-03-28,,day,exact,msgbatch_01MAMQYzwFgpXmFNT65qsCPu,105e4ae4d8e52a8264a85f937a329ac261025c3f3a2c4e8ffe45914bac17f16e,
19499,19410,ITA,"127.48(1)""eligible power purchase agreement""(a)(i)(A)","November 3, 2022",start,2022-11-03,,day,exact,msgbatch_01MAMQYzwFgpXmFNT65qsCPu,105e4ae4d8e52a8264a85f937a329ac261025c3f3a2c4e8ffe45914bac17f16e,
19588,19410,ITA,"127.48(1)""specified percentage""(a)(i)(A)","before 2034, 40%,",step_down,,2034,year,exact,msgbatch_01994ACyYJVJfcoySYAdCGaw,5d4fbebf557535ebdcf651adda9f3b9d12093e3e7b3da50aedc79177fb876a4a,
19589,19410,ITA,"127.48(1)""specified percentage""(a)(i)(B)","in 2034, 20%",step_down,,2034,year,exact,msgbatch_01994ACyYJVJfcoySYAdCGaw,5d4fbebf557535ebdcf651adda9f3b9d12093e3e7b3da50aedc79177fb876a4a,
19590,19410,ITA,"127.48(1)""specified percentage""(a)(i)(C)","after 2034, 0%",step_down,,2034,year,exact,msgbatch_01994ACyYJVJfcoySYAdCGaw,5d4fbebf557535ebdcf651adda9f3b9d12093e3e7b3da50aedc79177fb876a4a,
19592,19410,ITA,"127.48(1)""specified percentage""(a)(ii)(A)","before 2034, 25%",step_down,,2034,year,exact,msgbatch_01994ACyYJVJfcoySYAdCGaw,5d4fbebf557535ebdcf651adda9f3b9d12093e3e7b3da50aedc79177fb876a4a,
19593,19410,ITA,"127.48(1)""specified percentage""(a)(ii)(B)","in 2034, 12.5%",step_down,,2034,year,exact,msgbatch_01994ACyYJVJfcoySYAdCGaw,5d4fbebf557535ebdcf651adda9f3b9d12093e3e7b3da50aedc79177fb876a4a,
19594,19410,ITA,"127.48(1)""specified percentage""(a)(ii)(C)","after 2034, 0%",step_down,,2034,year,exact,msgbatch_01994ACyYJVJfcoySYAdCGaw,5d4fbebf557535ebdcf651adda9f3b9d12093e3e7b3da50aedc79177fb876a4a,
19596,19410,ITA,"127.48(1)""specified percentage""(a)(iii)(A)","before 2034, 15%",step_down,,2034,year,exact,msgbatch_01994ACyYJVJfcoySYAdCGaw,5d4fbebf557535ebdcf651adda9f3b9d12093e3e7b3da50aedc79177fb876a4a,
19597,19410,ITA,"127.48(1)""specified percentage""(a)(iii)(B)","in 2034, 7.5%",step_down,,2034,year,exact,msgbatch_01994ACyYJVJfcoySYAdCGaw,5d4fbebf557535ebdcf651adda9f3b9d12093e3e7b3da50aedc79177fb876a4a,
19598,19410,ITA,"127.48(1)""specified percentage""(a)(iii)(C)","after 2034, 0%",step_down,,2034,year,exact,msgbatch_01994ACyYJVJfcoySYAdCGaw,5d4fbebf557535ebdcf651adda9f3b9d12093e3e7b3da50aedc79177fb876a4a,
19602,19410,ITA,"127.48(1)""specified percentage""(b)(i)(A)","before 2034, 15%",step_down,,2034,year,exact,msgbatch_01994ACyYJVJfcoySYAdCGaw,5d4fbebf557535ebdcf651adda9f3b9d12093e3e7b3da50aedc79177fb876a4a,
19603,19410,ITA,"127.48(1)""specified percentage""(b)(i)(B)","in 2034, 7.5%",step_down,,2034,year,exact,msgbatch_01994ACyYJVJfcoySYAdCGaw,5d4fbebf557535ebdcf651adda9f3b9d12093e3e7b3da50aedc79177fb876a4a,
19604,19410,ITA,"127.48(1)""specified percentage""(b)(i)(C)","after 2034, 0%",step_down,,2034,year,exact,msgbatch_01994ACyYJVJfcoySYAdCGaw,5d4fbebf557535ebdcf651adda9f3b9d12093e3e7b3da50aedc79177fb876a4a,
19608,19410,ITA,127.48(4),"on or before the later of December 31, 2026 and the day that is one year after the taxpayer’s filing-due date for the year",end,2026-12-31,,day,exact,msgbatch_01MAMQYzwFgpXmFNT65qsCPu,105e4ae4d8e52a8264a85f937a329ac261025c3f3a2c4e8ffe45914bac17f16e,
19843,19755,ITA,"127.49(1)""specified percentage""(a)","before January 1, 2024",end,2024-01-01,,day,exact,msgbatch_01MAMQYzwFgpXmFNT65qsCPu,105e4ae4d8e52a8264a85f937a329ac261025c3f3a2c4e8ffe45914bac17f16e,
19845,19755,ITA,"127.49(1)""specified percentage""(b)(i)","after December 31, 2023",step_down,2023-12-31,,day,exact,msgbatch_01994ACyYJVJfcoySYAdCGaw,5d4fbebf557535ebdcf651adda9f3b9d12093e3e7b3da50aedc79177fb876a4a,
19845,19755,ITA,"127.49(1)""specified percentage""(b)(i)","before January 1, 2032",step_down,2032-01-01,,day,exact,msgbatch_01994ACyYJVJfcoySYAdCGaw,5d4fbebf557535ebdcf651adda9f3b9d12093e3e7b3da50aedc79177fb876a4a,
19846,19755,ITA,"127.49(1)""specified percentage""(b)(ii)","after December 31, 2031",step_down,2031-12-31,,day,exact,msgbatch_01994ACyYJVJfcoySYAdCGaw,5d4fbebf557535ebdcf651adda9f3b9d12093e3e7b3da50aedc79177fb876a4a,
19846,19755,ITA,"127.49(1)""specified percentage""(b)(ii)","before January 1, 2033",step_down,2033-01-01,,day,exact,msgbatch_01994ACyYJVJfcoySYAdCGaw,5d4fbebf557535ebdcf651adda9f3b9d12093e3e7b3da50aedc79177fb876a4a,
19847,19755,ITA,"127.49(1)""specified percentage""(b)(iii)","after December 31, 2032",step_down,2032-12-31,,day,exact,msgbatch_01994ACyYJVJfcoySYAdCGaw,5d4fbebf557535ebdcf651adda9f3b9d12093e3e7b3da50aedc79177fb876a4a,
19847,19755,ITA,"127.49(1)""specified percentage""(b)(iii)","before January 1, 2034, 10%",step_down,2034-01-01,,day,exact,msgbatch_01994ACyYJVJfcoySYAdCGaw,5d4fbebf557535ebdcf651adda9f3b9d12093e3e7b3da50aedc79177fb876a4a,
19848,19755,ITA,"127.49(1)""specified percentage""(b)(iv)","after December 31, 2033",step_down,2033-12-31,,day,exact,msgbatch_01994ACyYJVJfcoySYAdCGaw,5d4fbebf557535ebdcf651adda9f3b9d12093e3e7b3da50aedc79177fb876a4a,
19848,19755,ITA,"127.49(1)""specified percentage""(b)(iv)","before January 1, 2035",step_down,2035-01-01,,day,exact,msgbatch_01994ACyYJVJfcoySYAdCGaw,5d4fbebf557535ebdcf651adda9f3b9d12093e3e7b3da50aedc79177fb876a4a,
19849,19755,ITA,"127.49(1)""specified percentage""(c)","after December 31, 2034, nil",step_down,2034-12-31,,day,exact,msgbatch_01MAMQYzwFgpXmFNT65qsCPu,105e4ae4d8e52a8264a85f937a329ac261025c3f3a2c4e8ffe45914bac17f16e,
19860,19755,ITA,127.49(3),"on or before the later of December 31, 2026 and the day that is one year after the taxpayer’s filing-due date for the year",end,2026-12-31,,day,exact,msgbatch_01MAMQYzwFgpXmFNT65qsCPu,105e4ae4d8e52a8264a85f937a329ac261025c3f3a2c4e8ffe45914bac17f16e,
20624,20606,ITA,129(1.1),for a taxation year ending after 1977,start,,1977,year,exact,msgbatch_01MAMQYzwFgpXmFNT65qsCPu,105e4ae4d8e52a8264a85f937a329ac261025c3f3a2c4e8ffe45914bac17f16e,
20638,20606,ITA,129(3.1),"a taxation year that begins after November 12, 1981",start,1981-11-12,,day,exact,msgbatch_01MAMQYzwFgpXmFNT65qsCPu,105e4ae4d8e52a8264a85f937a329ac261025c3f3a2c4e8ffe45914bac17f16e,
20639,20606,ITA,129(3.1)(a),"disposed of before November 13, 1981",end,1981-11-13,,day,exact,msgbatch_01MAMQYzwFgpXmFNT65qsCPu,105e4ae4d8e52a8264a85f937a329ac261025c3f3a2c4e8ffe45914bac17f16e,
20640,20606,ITA,129(3.1)(b),"entered into before November 13, 1981",end,1981-11-13,,day,exact,msgbatch_01MAMQYzwFgpXmFNT65qsCPu,105e4ae4d8e52a8264a85f937a329ac261025c3f3a2c4e8ffe45914bac17f16e,
20641,20606,ITA,129(3.1)(c),"at any time after November 12, 1981",start,1981-11-12,,day,exact,msgbatch_01MAMQYzwFgpXmFNT65qsCPu,105e4ae4d8e52a8264a85f937a329ac261025c3f3a2c4e8ffe45914bac17f16e,
20641,20606,ITA,129(3.1)(c),"that occurred before November 13, 1981",end,1981-11-13,,day,exact,msgbatch_01MAMQYzwFgpXmFNT65qsCPu,105e4ae4d8e52a8264a85f937a329ac261025c3f3a2c4e8ffe45914bac17f16e,
20663,20606,ITA,"129(4)""eligible refundable dividend tax on hand""(a)(iii)",in a taxation year that began after 2018,start,,2018,year,exact,msgbatch_01MAMQYzwFgpXmFNT65qsCPu,105e4ae4d8e52a8264a85f937a329ac261025c3f3a2c4e8ffe45914bac17f16e,
20664,20606,ITA,"129(4)""eligible refundable dividend tax on hand""(a)(iii)(A)",that ended after 2018,start,,2018,year,exact,msgbatch_01MAMQYzwFgpXmFNT65qsCPu,105e4ae4d8e52a8264a85f937a329ac261025c3f3a2c4e8ffe45914bac17f16e,
20717,20606,ITA,129(6),in any particular taxation year commencing after 1972,start,,1972,year,exact,msgbatch_01MAMQYzwFgpXmFNT65qsCPu,105e4ae4d8e52a8264a85f937a329ac261025c3f3a2c4e8ffe45914bac17f16e,
21331,21308,ITA,"135.1(1)""tax deferred cooperative share""(a)",after 2005,start,,2005,year,exact,msgbatch_01MAMQYzwFgpXmFNT65qsCPu,105e4ae4d8e52a8264a85f937a329ac261025c3f3a2c4e8ffe45914bac17f16e,
21331,21308,ITA,"135.1(1)""tax deferred cooperative share""(a)",before 2031,end,,2031,year,exact,msgbatch_01MAMQYzwFgpXmFNT65qsCPu,105e4ae4d8e52a8264a85f937a329ac261025c3f3a2c4e8ffe45914bac17f16e,
21364,21308,ITA,135.1(9),"after September 28, 2009",start,2009-09-28,,day,exact,msgbatch_01MAMQYzwFgpXmFNT65qsCPu,105e4ae4d8e52a8264a85f937a329ac261025c3f3a2c4e8ffe45914bac17f16e,
23314,23239,ITA,"146(1)""RRSP dollar limit""(a)",for years other than 1996 and 2003,at,,1996,year,exact,msgbatch_01994ACyYJVJfcoySYAdCGaw,5d4fbebf557535ebdcf651adda9f3b9d12093e3e7b3da50aedc79177fb876a4a,
23314,23239,ITA,"146(1)""RRSP dollar limit""(a)",for years other than 1996 and 2003,at,,2003,year,exact,msgbatch_01994ACyYJVJfcoySYAdCGaw,5d4fbebf557535ebdcf651adda9f3b9d12093e3e7b3da50aedc79177fb876a4a,
23315,23239,ITA,"146(1)""RRSP dollar limit""(b)","for 1996, $13,500",step_down,,1996,year,exact,msgbatch_01MAMQYzwFgpXmFNT65qsCPu,105e4ae4d8e52a8264a85f937a329ac261025c3f3a2c4e8ffe45914bac17f16e,
23316,23239,ITA,"146(1)""RRSP dollar limit""(c)","for 2003, $14,500",step_down,,2003,year,exact,msgbatch_01MAMQYzwFgpXmFNT65qsCPu,105e4ae4d8e52a8264a85f937a329ac261025c3f3a2c4e8ffe45914bac17f16e,
23322,23239,ITA,"146(1)""retirement income""(a)","in the case of a plan entered into before March 14, 1957",end,1957-03-14,,day,exact,msgbatch_01MAMQYzwFgpXmFNT65qsCPu,105e4ae4d8e52a8264a85f937a329ac261025c3f3a2c4e8ffe45914bac17f16e,
23353,23239,ITA,"146(1)""unused RRSP deduction room""(a)",for taxation years ending before 1991,end,,1991,year,exact,msgbatch_01MAMQYzwFgpXmFNT65qsCPu,105e4ae4d8e52a8264a85f937a329ac261025c3f3a2c4e8ffe45914bac17f16e,
23354,23239,ITA,"146(1)""unused RRSP deduction room""(b)",for taxation years that end after 1990,start,,1990,year,exact,msgbatch_016eDcdn9uNXaHf3uegqfihG,5d4fbebf557535ebdcf651adda9f3b9d12093e3e7b3da50aedc79177fb876a4a,
23357,23239,ITA,146(1.1)~f1,each such preceding taxation year that is after 2002,start,,2002,year,exact,msgbatch_01MAMQYzwFgpXmFNT65qsCPu,105e4ae4d8e52a8264a85f937a329ac261025c3f3a2c4e8ffe45914bac17f16e,
23393,23239,ITA,146(4)(a),"has, after June 18, 1971, borrowed money",start,1971-06-18,,day,exact,msgbatch_01994ACyYJVJfcoySYAdCGaw,5d4fbebf557535ebdcf651adda9f3b9d12093e3e7b3da50aedc79177fb876a4a,
23400,23239,ITA,146(5)(a),a premium paid by the taxpayer after 1990,start,,1990,year,exact,msgbatch_01MAMQYzwFgpXmFNT65qsCPu,105e4ae4d8e52a8264a85f937a329ac261025c3f3a2c4e8ffe45914bac17f16e,
23411,23239,ITA,146(5)(a)(v)(B),transfers occurring before 1991,end,,1991,year,exact,msgbatch_01MAMQYzwFgpXmFNT65qsCPu,105e4ae4d8e52a8264a85f937a329ac261025c3f3a2c4e8ffe45914bac17f16e,
23414,23239,ITA,146(5.1)(a),a premium paid by the taxpayer after 1990,start,,1990,year,exact,msgbatch_01MAMQYzwFgpXmFNT65qsCPu,105e4ae4d8e52a8264a85f937a329ac261025c3f3a2c4e8ffe45914bac17f16e,
23422,23239,ITA,146(5.2),after February 2009,start,2009-02,,month,exact,msgbatch_01MAMQYzwFgpXmFNT65qsCPu,105e4ae4d8e52a8264a85f937a329ac261025c3f3a2c4e8ffe45914bac17f16e,
23422,23239,ITA,146(5.2),before 2011,end,,2011,year,exact,msgbatch_01MAMQYzwFgpXmFNT65qsCPu,105e4ae4d8e52a8264a85f937a329ac261025c3f3a2c4e8ffe45914bac17f16e,
23426,23239,ITA,146(5.201),a premium paid by a taxpayer before 2013,end,,2013,year,exact,msgbatch_01MAMQYzwFgpXmFNT65qsCPu,105e4ae4d8e52a8264a85f937a329ac261025c3f3a2c4e8ffe45914bac17f16e,
23477,23239,ITA,146(8.7)(c),"before May 26, 1976",end,1976-05-26,,day,exact,msgbatch_01MAMQYzwFgpXmFNT65qsCPu,105e4ae4d8e52a8264a85f937a329ac261025c3f3a2c4e8ffe45914bac17f16e,
23480,23239,ITA,146(8.8),"dies after June 29, 1978",start,1978-06-29,,day,exact,msgbatch_01994ACyYJVJfcoySYAdCGaw,5d4fbebf557535ebdcf651adda9f3b9d12093e3e7b3da50aedc79177fb876a4a,
23480,23239,ITA,146(8.8),"other than a plan that had matured before June 30, 1978",end,1978-06-30,,day,exact,msgbatch_01994ACyYJVJfcoySYAdCGaw,5d4fbebf557535ebdcf651adda9f3b9d12093e3e7b3da50aedc79177fb876a4a,
23851,23816,ITA,"146.1(1)""qualified investment""(d)","acquired by the trust before October 28, 1998",end,1998-10-28,,day,exact,msgbatch_01MAMQYzwFgpXmFNT65qsCPu,105e4ae4d8e52a8264a85f937a329ac261025c3f3a2c4e8ffe45914bac17f16e,
23879,23816,ITA,"146.1(1)""trust""(b)",the payment after 1997 of accumulated income payments,start,,1997,year,exact,msgbatch_01MAMQYzwFgpXmFNT65qsCPu,105e4ae4d8e52a8264a85f937a329ac261025c3f3a2c4e8ffe45914bac17f16e,
23986,23816,ITA,146.1(12)(a),before 1976,end,,1976,year,exact,msgbatch_01MAMQYzwFgpXmFNT65qsCPu,105e4ae4d8e52a8264a85f937a329ac261025c3f3a2c4e8ffe45914bac17f16e,
23989,23816,ITA,146.1(12)(b),after 1975,start,,1975,year,exact,msgbatch_01MAMQYzwFgpXmFNT65qsCPu,105e4ae4d8e52a8264a85f937a329ac261025c3f3a2c4e8ffe45914bac17f16e,
23893,23816,ITA,146.1(2)(d),any payment before 1998,end,,1998,year,exact,msgbatch_01MAMQYzwFgpXmFNT65qsCPu,105e4ae4d8e52a8264a85f937a329ac261025c3f3a2c4e8ffe45914bac17f16e,
23903,23816,ITA,146.1(2)(g),before 1997,end,,1997,year,exact,msgbatch_01MAMQYzwFgpXmFNT65qsCPu,105e4ae4d8e52a8264a85f937a329ac261025c3f3a2c4e8ffe45914bac17f16e,
23904,23816,ITA,146.1(2)(g.1),at any time after 1996,start,,1996,year,exact,msgbatch_01MAMQYzwFgpXmFNT65qsCPu,105e4ae4d8e52a8264a85f937a329ac261025c3f3a2c4e8ffe45914bac17f16e,
23941,23816,ITA,146.1(2.1),"revocable at any time after October 27, 1998",start,1998-10-27,,day,exact,msgbatch_01MAMQYzwFgpXmFNT65qsCPu,105e4ae4d8e52a8264a85f937a329ac261025c3f3a2c4e8ffe45914bac17f16e,
23952,23816,ITA,146.1(2.3)(a),if the plan was entered into before 1999,end,,1999,year,exact,msgbatch_01MAMQYzwFgpXmFNT65qsCPu,105e4ae4d8e52a8264a85f937a329ac261025c3f3a2c4e8ffe45914bac17f16e,
23964,23816,ITA,146.1(6),for a taxation year after 1971,start,,1971,year,exact,msgbatch_01MAMQYzwFgpXmFNT65qsCPu,105e4ae4d8e52a8264a85f937a329ac261025c3f3a2c4e8ffe45914bac17f16e,
24018,24005,ITA,"146.2(1)""qualifying arrangement""(a)",that is entered into after 2008,start,,2008,year,exact,msgbatch_01MAMQYzwFgpXmFNT65qsCPu,105e4ae4d8e52a8264a85f937a329ac261025c3f3a2c4e8ffe45914bac17f16e,
24276,24256,ITA,"146.4(1)""disability savings plan""(a)(ii)(B.1)",if the arrangement is entered into before 2027,end,,2027,year,exact,msgbatch_01MAMQYzwFgpXmFNT65qsCPu,105e4ae4d8e52a8264a85f937a329ac261025c3f3a2c4e8ffe45914bac17f16e,
24374,24256,ITA,146.4(4)(b.1),before 2027,end,,2027,year,exact,msgbatch_01MAMQYzwFgpXmFNT65qsCPu,105e4ae4d8e52a8264a85f937a329ac261025c3f3a2c4e8ffe45914bac17f16e,
24408,24256,ITA,146.4(4.01),"after March 18, 2019",start,2019-03-18,,day,exact,msgbatch_01MAMQYzwFgpXmFNT65qsCPu,105e4ae4d8e52a8264a85f937a329ac261025c3f3a2c4e8ffe45914bac17f16e,
24408,24256,ITA,146.4(4.01),before 2021,end,,2021,year,exact,msgbatch_01MAMQYzwFgpXmFNT65qsCPu,105e4ae4d8e52a8264a85f937a329ac261025c3f3a2c4e8ffe45914bac17f16e,
24410,24256,ITA,146.4(4.01)(b),"after March 18, 2019 and before 2021",start,2019-03-18,,day,exact,msgbatch_01MAMQYzwFgpXmFNT65qsCPu,105e4ae4d8e52a8264a85f937a329ac261025c3f3a2c4e8ffe45914bac17f16e,
24410,24256,ITA,146.4(4.01)(b),"after March 18, 2019 and before 2021",end,,2021,year,exact,msgbatch_01MAMQYzwFgpXmFNT65qsCPu,105e4ae4d8e52a8264a85f937a329ac261025c3f3a2c4e8ffe45914bac17f16e,
24410,24256,ITA,146.4(4.01)(b),as it read immediately before 2021,end,,2021,year,exact,msgbatch_01MAMQYzwFgpXmFNT65qsCPu,105e4ae4d8e52a8264a85f937a329ac261025c3f3a2c4e8ffe45914bac17f16e,
24567,24533,ITA,"146.6(1)""qualifying arrangement""(a)",entered into after March 2023,start,2023-03,,month,exact,msgbatch_01MAMQYzwFgpXmFNT65qsCPu,105e4ae4d8e52a8264a85f937a329ac261025c3f3a2c4e8ffe45914bac17f16e,
24783,24682,ITA,147(10.3)(a),"any amount contributed after December 1, 1982",start,1982-12-01,,day,exact,msgbatch_01MAMQYzwFgpXmFNT65qsCPu,105e4ae4d8e52a8264a85f937a329ac261025c3f3a2c4e8ffe45914bac17f16e,
24793,24682,ITA,147(11)(a)(iii),in respect of a capital gain made by the trust before 1972,end,,1972,year,exact,msgbatch_01MAMQYzwFgpXmFNT65qsCPu,105e4ae4d8e52a8264a85f937a329ac261025c3f3a2c4e8ffe45914bac17f16e,
24798,24682,ITA,147(11)(b)(iii),a capital loss sustained by the trust before 1972,end,,1972,year,exact,msgbatch_01MAMQYzwFgpXmFNT65qsCPu,105e4ae4d8e52a8264a85f937a329ac261025c3f3a2c4e8ffe45914bac17f16e,
24810,24682,ITA,147(14)(c),"did not, as of January 1, 1968,",at,1968-01-01,,day,exact,msgbatch_01VXS4B4na17QrTVMPFLjs8f,cac8c075da7afb4bade5f8a660c0932dc8998789912e81a958adf8778317496d,parent+children
24812,24682,ITA,147(14)(c)(ii),"must be allocated or reallocated, as the case may be, before 1969",end,,1969,year,exact,msgbatch_01VXS4B4na17QrTVMPFLjs8f,cac8c075da7afb4bade5f8a660c0932dc8998789912e81a958adf8778317496d,parent
24812,24682,ITA,147(14)(c)(ii),"that remained unallocated on December 31, 1967",at,1967-12-31,,day,exact,msgbatch_01VXS4B4na17QrTVMPFLjs8f,cac8c075da7afb4bade5f8a660c0932dc8998789912e81a958adf8778317496d,parent
24815,24682,ITA,147(14)(c.3),"a plan that became registered after March, 1983",start,1983-03,,month,exact,msgbatch_01MAMQYzwFgpXmFNT65qsCPu,105e4ae4d8e52a8264a85f937a329ac261025c3f3a2c4e8ffe45914bac17f16e,
24821,24682,ITA,147(14)(f),"as of any date following January 1, 1968",start,1968-01-01,,day,exact,msgbatch_01MAMQYzwFgpXmFNT65qsCPu,105e4ae4d8e52a8264a85f937a329ac261025c3f3a2c4e8ffe45914bac17f16e,
24823,24682,ITA,147(14)(h),"but not before January 1, 1991",start,1991-01-01,,day,exact,msgbatch_01MAMQYzwFgpXmFNT65qsCPu,105e4ae4d8e52a8264a85f937a329ac261025c3f3a2c4e8ffe45914bac17f16e,
24827,24682,ITA,147(14.1),"on any day after June 30, 1982",start,1982-06-30,,day,exact,msgbatch_01MAMQYzwFgpXmFNT65qsCPu,105e4ae4d8e52a8264a85f937a329ac261025c3f3a2c4e8ffe45914bac17f16e,
24707,24682,ITA,147(2)(i)(i),in the case of an amount allocated or reallocated before 1991,end,,1991,year,exact,msgbatch_01MAMQYzwFgpXmFNT65qsCPu,105e4ae4d8e52a8264a85f937a329ac261025c3f3a2c4e8ffe45914bac17f16e,
24709,24682,ITA,147(2)(i.1),"on or before the later of December 31, 1991",end,1991-12-31,,day,exact,msgbatch_01MAMQYzwFgpXmFNT65qsCPu,105e4ae4d8e52a8264a85f937a329ac261025c3f3a2c4e8ffe45914bac17f16e,
24887,24870,ITA,"147.1(1)""former limit""",after 2005,start,,2005,year,exact,msgbatch_01MAMQYzwFgpXmFNT65qsCPu,105e4ae4d8e52a8264a85f937a329ac261025c3f3a2c4e8ffe45914bac17f16e,
24887,24870,ITA,"147.1(1)""former limit""",before 2010,end,,2010,year,exact,msgbatch_01MAMQYzwFgpXmFNT65qsCPu,105e4ae4d8e52a8264a85f937a329ac261025c3f3a2c4e8ffe45914bac17f16e,
24891,24870,ITA,"147.1(1)""former limit""(b)","for 2006, $18,000",step_down,,2006,year,exact,msgbatch_01MAMQYzwFgpXmFNT65qsCPu,105e4ae4d8e52a8264a85f937a329ac261025c3f3a2c4e8ffe45914bac17f16e,
24894,24870,ITA,"147.1(1)""money purchase limit""(a)","for years before 1990, nil,",end,,1990,year,exact,msgbatch_01MAMQYzwFgpXmFNT65qsCPu,105e4ae4d8e52a8264a85f937a329ac261025c3f3a2c4e8ffe45914bac17f16e,
24895,24870,ITA,"147.1(1)""money purchase limit""(b)","for 1990, $11,500",step_down,,1990,year,exact,msgbatch_01MAMQYzwFgpXmFNT65qsCPu,105e4ae4d8e52a8264a85f937a329ac261025c3f3a2c4e8ffe45914bac17f16e,
24896,24870,ITA,"147.1(1)""money purchase limit""(c)","for 1991 and 1992, $12,500,",step_down,,1991,year,exact,msgbatch_01MAMQYzwFgpXmFNT65qsCPu,105e4ae4d8e52a8264a85f937a329ac261025c3f3a2c4e8ffe45914bac17f16e,
24896,24870,ITA,"147.1(1)""money purchase limit""(c)","for 1991 and 1992, $12,500,",step_down,,1992,year,exact,msgbatch_01MAMQYzwFgpXmFNT65qsCPu,105e4ae4d8e52a8264a85f937a329ac261025c3f3a2c4e8ffe45914bac17f16e,
24897,24870,ITA,"147.1(1)""money purchase limit""(d)","for 1993, $13,500",step_down,,1993,year,exact,msgbatch_01MAMQYzwFgpXmFNT65qsCPu,105e4ae4d8e52a8264a85f937a329ac261025c3f3a2c4e8ffe45914bac17f16e,
24898,24870,ITA,"147.1(1)""money purchase limit""(e)","for 1994, $14,500",step_down,,1994,year,exact,msgbatch_01MAMQYzwFgpXmFNT65qsCPu,105e4ae4d8e52a8264a85f937a329ac261025c3f3a2c4e8ffe45914bac17f16e,
24899,24870,ITA,"147.1(1)""money purchase limit""(f)","for 1995, $15,500,",step_down,,1995,year,exact,msgbatch_01MAMQYzwFgpXmFNT65qsCPu,105e4ae4d8e52a8264a85f937a329ac261025c3f3a2c4e8ffe45914bac17f16e,
24900,24870,ITA,"147.1(1)""money purchase limit""(g)",before 2003,end,,2003,year,exact,msgbatch_01MAMQYzwFgpXmFNT65qsCPu,105e4ae4d8e52a8264a85f937a329ac261025c3f3a2c4e8ffe45914bac17f16e,
24900,24870,ITA,"147.1(1)""money purchase limit""(g)",for years after 1995,start,,1995,year,exact,msgbatch_01MAMQYzwFgpXmFNT65qsCPu,105e4ae4d8e52a8264a85f937a329ac261025c3f3a2c4e8ffe45914bac17f16e,
24901,24870,ITA,"147.1(1)""money purchase limit""(h)","for 2003, $15,500",step_down,,2003,year,exact,msgbatch_01MAMQYzwFgpXmFNT65qsCPu,105e4ae4d8e52a8264a85f937a329ac261025c3f3a2c4e8ffe45914bac17f16e,
24902,24870,ITA,"147.1(1)""money purchase limit""(i)","for 2004, $16,500",step_down,,2004,year,exact,msgbatch_01MAMQYzwFgpXmFNT65qsCPu,105e4ae4d8e52a8264a85f937a329ac261025c3f3a2c4e8ffe45914bac17f16e,
24903,24870,ITA,"147.1(1)""money purchase limit""(j)","for 2005, $18,000,",step_down,,2005,year,exact,msgbatch_01MAMQYzwFgpXmFNT65qsCPu,105e4ae4d8e52a8264a85f937a329ac261025c3f3a2c4e8ffe45914bac17f16e,
24904,24870,ITA,"147.1(1)""money purchase limit""(k)","for 2006, the greater of $19,000 and the former limit for the year",step_down,,2006,year,exact,msgbatch_01MAMQYzwFgpXmFNT65qsCPu,105e4ae4d8e52a8264a85f937a329ac261025c3f3a2c4e8ffe45914bac17f16e,
24905,24870,ITA,"147.1(1)""money purchase limit""(l)","for 2007, the greater of $20,000 and the former limit for the year",step_down,,2007,year,exact,msgbatch_01MAMQYzwFgpXmFNT65qsCPu,105e4ae4d8e52a8264a85f937a329ac261025c3f3a2c4e8ffe45914bac17f16e,
24906,24870,ITA,"147.1(1)""money purchase limit""(m)","for 2008, the greater of $21,000 and the former limit for the year",step_down,,2008,year,exact,msgbatch_01MAMQYzwFgpXmFNT65qsCPu,105e4ae4d8e52a8264a85f937a329ac261025c3f3a2c4e8ffe45914bac17f16e,
24907,24870,ITA,"147.1(1)""money purchase limit""(n)",for 2009,step_down,,2009,year,exact,msgbatch_01MAMQYzwFgpXmFNT65qsCPu,105e4ae4d8e52a8264a85f937a329ac261025c3f3a2c4e8ffe45914bac17f16e,
24908,24870,ITA,"147.1(1)""money purchase limit""(o)",for each year after 2009,start,,2009,year,exact,msgbatch_01MAMQYzwFgpXmFNT65qsCPu,105e4ae4d8e52a8264a85f937a329ac261025c3f3a2c4e8ffe45914bac17f16e,
24975,24870,ITA,147.1(10),in respect of periods after 1989,start,,1989,year,exact,msgbatch_01MAMQYzwFgpXmFNT65qsCPu,105e4ae4d8e52a8264a85f937a329ac261025c3f3a2c4e8ffe45914bac17f16e,
24987,24870,ITA,147.1(11)(d),a condition first imposed before 1989,end,,1989,year,exact,msgbatch_01MAMQYzwFgpXmFNT65qsCPu,105e4ae4d8e52a8264a85f937a329ac261025c3f3a2c4e8ffe45914bac17f16e,
24937,24870,ITA,147.1(2)(b),submitted for registration before 1992,end,,1992,year,exact,msgbatch_01MAMQYzwFgpXmFNT65qsCPu,105e4ae4d8e52a8264a85f937a329ac261025c3f3a2c4e8ffe45914bac17f16e,
24938,24870,ITA,147.1(2)(c),submitted for registration after 1991,start,,1991,year,exact,msgbatch_01MAMQYzwFgpXmFNT65qsCPu,105e4ae4d8e52a8264a85f937a329ac261025c3f3a2c4e8ffe45914bac17f16e,
24945,24870,ITA,147.1(3)(a)(iii),"January 1, 1989",start,1989-01-01,,day,exact,msgbatch_01MAMQYzwFgpXmFNT65qsCPu,105e4ae4d8e52a8264a85f937a329ac261025c3f3a2c4e8ffe45914bac17f16e,
24958,24870,ITA,147.1(7)(b),"becomes the administrator before June, 1990",end,1990-06,,month,exact,msgbatch_01MAMQYzwFgpXmFNT65qsCPu,105e4ae4d8e52a8264a85f937a329ac261025c3f3a2c4e8ffe45914bac17f16e,
24958,24870,ITA,147.1(7)(b),"before July, 1990",end,1990-07,,month,exact,msgbatch_01MAMQYzwFgpXmFNT65qsCPu,105e4ae4d8e52a8264a85f937a329ac261025c3f3a2c4e8ffe45914bac17f16e,
24958,24870,ITA,147.1(7)(b),"is the administrator on January 1, 1989",start,1989-01-01,,day,exact,msgbatch_01MAMQYzwFgpXmFNT65qsCPu,105e4ae4d8e52a8264a85f937a329ac261025c3f3a2c4e8ffe45914bac17f16e,
24962,24870,ITA,147.1(8),at the end of a calendar year after 1990,start,,1990,year,exact,msgbatch_01994ACyYJVJfcoySYAdCGaw,5d4fbebf557535ebdcf651adda9f3b9d12093e3e7b3da50aedc79177fb876a4a,
24970,24870,ITA,147.1(9),in a calendar year after 1990,start,,1990,year,exact,msgbatch_01994ACyYJVJfcoySYAdCGaw,5d4fbebf557535ebdcf651adda9f3b9d12093e3e7b3da50aedc79177fb876a4a,
25400,25239,ITA,147.5(33)(a),for any taxation year after 2012,start,,2012,year,exact,msgbatch_01MAMQYzwFgpXmFNT65qsCPu,105e4ae4d8e52a8264a85f937a329ac261025c3f3a2c4e8ffe45914bac17f16e,
26508,26463,ITA,"153(1.03)""eligible employer""(b)","has, on March 18, 2020, a business number",at,2020-03-18,,day,exact,msgbatch_01994ACyYJVJfcoySYAdCGaw,5d4fbebf557535ebdcf651adda9f3b9d12093e3e7b3da50aedc79177fb876a4a,
26517,26463,ITA,"153(1.03)""eligible period""","that ends on June 19, 2020",end,2020-06-19,,day,exact,msgbatch_01994ACyYJVJfcoySYAdCGaw,5d4fbebf557535ebdcf651adda9f3b9d12093e3e7b3da50aedc79177fb876a4a,
26517,26463,ITA,"153(1.03)""eligible period""","the period beginning on March 18, 2020",start,2020-03-18,,day,exact,msgbatch_01994ACyYJVJfcoySYAdCGaw,5d4fbebf557535ebdcf651adda9f3b9d12093e3e7b3da50aedc79177fb876a4a,
26540,26463,ITA,153(4),received by the taxpayer after 1984,start,,1984,year,exact,msgbatch_016eDcdn9uNXaHf3uegqfihG,5d4fbebf557535ebdcf651adda9f3b9d12093e3e7b3da50aedc79177fb876a4a,
1633,1624,ITA,18(1)(g),have been issued or the income provisions thereof have been adopted since 1930,start,,1930,year,exact,msgbatch_01MAMQYzwFgpXmFNT65qsCPu,105e4ae4d8e52a8264a85f937a329ac261025c3f3a2c4e8ffe45914bac17f16e,
1635,1624,ITA,18(1)(g)(ii),at the end of 1930,end,,1930,year,exact,msgbatch_01MAMQYzwFgpXmFNT65qsCPu,105e4ae4d8e52a8264a85f937a329ac261025c3f3a2c4e8ffe45914bac17f16e,
1643,1624,ITA,18(1)(l),made or incurred by the taxpayer after 1971,start,,1971,year,exact,msgbatch_01MAMQYzwFgpXmFNT65qsCPu,105e4ae4d8e52a8264a85f937a329ac261025c3f3a2c4e8ffe45914bac17f16e,
1970,1624,ITA,18(11)(a),"entered into before November 13, 1981",end,1981-11-13,,day,exact,msgbatch_01MAMQYzwFgpXmFNT65qsCPu,105e4ae4d8e52a8264a85f937a329ac261025c3f3a2c4e8ffe45914bac17f16e,
1970,1624,ITA,18(11)(a),"making a payment after November 12, 1981",start,1981-11-12,,day,exact,msgbatch_01MAMQYzwFgpXmFNT65qsCPu,105e4ae4d8e52a8264a85f937a329ac261025c3f3a2c4e8ffe45914bac17f16e,
1971,1624,ITA,18(11)(b),"under a registered retirement savings plan after November 12, 1981",start,1981-11-12,,day,exact,msgbatch_01MAMQYzwFgpXmFNT65qsCPu,105e4ae4d8e52a8264a85f937a329ac261025c3f3a2c4e8ffe45914bac17f16e,
1973,1624,ITA,18(11)(c)(i),"entered into before November 13, 1981",end,1981-11-13,,day,exact,msgbatch_01MAMQYzwFgpXmFNT65qsCPu,105e4ae4d8e52a8264a85f937a329ac261025c3f3a2c4e8ffe45914bac17f16e,
1687,1624,ITA,18(2.1),"an obligation entered into by the taxpayer before April 1, 1977",end,1977-04-01,,day,exact,msgbatch_01MAMQYzwFgpXmFNT65qsCPu,105e4ae4d8e52a8264a85f937a329ac261025c3f3a2c4e8ffe45914bac17f16e,
1687,1624,ITA,18(2.1),"money that was borrowed by the taxpayer before April 1, 1977",end,1977-04-01,,day,exact,msgbatch_01MAMQYzwFgpXmFNT65qsCPu,105e4ae4d8e52a8264a85f937a329ac261025c3f3a2c4e8ffe45914bac17f16e,
1730,1624,ITA,18(3.4),made or incurred before 1992,end,,1992,year,exact,msgbatch_016eDcdn9uNXaHf3uegqfihG,5d4fbebf557535ebdcf651adda9f3b9d12093e3e7b3da50aedc79177fb876a4a,
1735,1624,ITA,18(3.4)~c1,"in 1988, 80%",step_down,,1988,year,exact,msgbatch_01994ACyYJVJfcoySYAdCGaw,5d4fbebf557535ebdcf651adda9f3b9d12093e3e7b3da50aedc79177fb876a4a,
1735,1624,ITA,18(3.4)~c1,"in 1989, 60%",step_down,,1989,year,exact,msgbatch_01994ACyYJVJfcoySYAdCGaw,5d4fbebf557535ebdcf651adda9f3b9d12093e3e7b3da50aedc79177fb876a4a,
1735,1624,ITA,18(3.4)~c1,"in 1990, 40%",step_down,,1990,year,exact,msgbatch_01994ACyYJVJfcoySYAdCGaw,5d4fbebf557535ebdcf651adda9f3b9d12093e3e7b3da50aedc79177fb876a4a,
1735,1624,ITA,18(3.4)~c1,"in 1991, 20%",step_down,,1991,year,exact,msgbatch_01994ACyYJVJfcoySYAdCGaw,5d4fbebf557535ebdcf651adda9f3b9d12093e3e7b3da50aedc79177fb876a4a,
1737,1624,ITA,18(3.5)(a),"in progress on November 12, 1981",at,1981-11-12,,day,exact,msgbatch_01994ACyYJVJfcoySYAdCGaw,5d4fbebf557535ebdcf651adda9f3b9d12093e3e7b3da50aedc79177fb876a4a,
1738,1624,ITA,18(3.5)(b),"after November 12, 1981",start,1981-11-12,,day,exact,msgbatch_01MAMQYzwFgpXmFNT65qsCPu,105e4ae4d8e52a8264a85f937a329ac261025c3f3a2c4e8ffe45914bac17f16e,
1738,1624,ITA,18(3.5)(b),before 1982,end,,1982,year,exact,msgbatch_01MAMQYzwFgpXmFNT65qsCPu,105e4ae4d8e52a8264a85f937a329ac261025c3f3a2c4e8ffe45914bac17f16e,
1739,1624,ITA,18(3.5)(c),"commenced before June 1, 1982",end,1982-06-01,,day,exact,msgbatch_01MAMQYzwFgpXmFNT65qsCPu,105e4ae4d8e52a8264a85f937a329ac261025c3f3a2c4e8ffe45914bac17f16e,
1739,1624,ITA,18(3.5)(c),"were substantially advanced before November 13, 1981",end,1981-11-13,,day,exact,msgbatch_01MAMQYzwFgpXmFNT65qsCPu,105e4ae4d8e52a8264a85f937a329ac261025c3f3a2c4e8ffe45914bac17f16e,
1740,1624,ITA,18(3.5)(d),commenced before 1983,end,,1983,year,exact,msgbatch_01MAMQYzwFgpXmFNT65qsCPu,105e4ae4d8e52a8264a85f937a329ac261025c3f3a2c4e8ffe45914bac17f16e,
1740,1624,ITA,18(3.5)(d),"entered into before November 13, 1981",end,1981-11-13,,day,exact,msgbatch_01MAMQYzwFgpXmFNT65qsCPu,105e4ae4d8e52a8264a85f937a329ac261025c3f3a2c4e8ffe45914bac17f16e,
1740,1624,ITA,18(3.5)(d),"substantially advanced before June 1, 1982",end,1982-06-01,,day,exact,msgbatch_01MAMQYzwFgpXmFNT65qsCPu,105e4ae4d8e52a8264a85f937a329ac261025c3f3a2c4e8ffe45914bac17f16e,
1741,1624,ITA,18(3.5)~c1,proceeds after 1982,start,,1982,year,exact,msgbatch_01MAMQYzwFgpXmFNT65qsCPu,105e4ae4d8e52a8264a85f937a329ac261025c3f3a2c4e8ffe45914bac17f16e,
1742,1624,ITA,18(3.6),proceeds after 1982 without undue delay,start,,1982,year,exact,msgbatch_01MAMQYzwFgpXmFNT65qsCPu,105e4ae4d8e52a8264a85f937a329ac261025c3f3a2c4e8ffe45914bac17f16e,
1742,1624,ITA,18(3.6),proceeds after 1983 without undue delay,start,,1983,year,exact,msgbatch_01MAMQYzwFgpXmFNT65qsCPu,105e4ae4d8e52a8264a85f937a329ac261025c3f3a2c4e8ffe45914bac17f16e,
1884,1624,ITA,18(9.01)(a),after February 1994,start,1994-02,,month,exact,msgbatch_01MAMQYzwFgpXmFNT65qsCPu,105e4ae4d8e52a8264a85f937a329ac261025c3f3a2c4e8ffe45914bac17f16e,
1884,1624,ITA,18(9.01)(a),before 1997,end,,1997,year,exact,msgbatch_01MAMQYzwFgpXmFNT65qsCPu,105e4ae4d8e52a8264a85f937a329ac261025c3f3a2c4e8ffe45914bac17f16e,
1910,1624,ITA,18(9.2)(a),that is after 1991,start,,1991,year,exact,msgbatch_01MAMQYzwFgpXmFNT65qsCPu,105e4ae4d8e52a8264a85f937a329ac261025c3f3a2c4e8ffe45914bac17f16e,
1913,1624,ITA,18(9.2)(a)(ii),in respect of a period or part thereof that is after 1991,start,,1991,year,exact,msgbatch_01MAMQYzwFgpXmFNT65qsCPu,105e4ae4d8e52a8264a85f937a329ac261025c3f3a2c4e8ffe45914bac17f16e,
1915,1624,ITA,18(9.2)(a)(iii)(A),taxation years ending after 1991,start,,1991,year,exact,msgbatch_01MAMQYzwFgpXmFNT65qsCPu,105e4ae4d8e52a8264a85f937a329ac261025c3f3a2c4e8ffe45914bac17f16e,
1919,1624,ITA,18(9.2)(b)(i),taxation years ending after 1991,start,,1991,year,exact,msgbatch_01MAMQYzwFgpXmFNT65qsCPu,105e4ae4d8e52a8264a85f937a329ac261025c3f3a2c4e8ffe45914bac17f16e,
1924,1624,ITA,18(9.3)(b),taxation years ending after 1991,start,,1991,year,exact,msgbatch_01MAMQYzwFgpXmFNT65qsCPu,105e4ae4d8e52a8264a85f937a329ac261025c3f3a2c4e8ffe45914bac17f16e,
1935,1624,ITA,18(9.4)(a),after 1991,start,,1991,year,exact,msgbatch_01MAMQYzwFgpXmFNT65qsCPu,105e4ae4d8e52a8264a85f937a329ac261025c3f3a2c4e8ffe45914bac17f16e,
1936,1624,ITA,18(9.4)(b),that is after 1991,start,,1991,year,exact,msgbatch_01MAMQYzwFgpXmFNT65qsCPu,105e4ae4d8e52a8264a85f937a329ac261025c3f3a2c4e8ffe45914bac17f16e,
1938,1624,ITA,18(9.5),that is after 1991,start,,1991,year,exact,msgbatch_01MAMQYzwFgpXmFNT65qsCPu,105e4ae4d8e52a8264a85f937a329ac261025c3f3a2c4e8ffe45914bac17f16e,
1943,1624,ITA,18(9.6)(a),taxation year of the borrower ending after 1991,start,,1991,year,exact,msgbatch_01MAMQYzwFgpXmFNT65qsCPu,105e4ae4d8e52a8264a85f937a329ac261025c3f3a2c4e8ffe45914bac17f16e,
1955,1624,ITA,18(9.8)(a),in respect of a taxation year ending after 1991,start,,1991,year,exact,msgbatch_01MAMQYzwFgpXmFNT65qsCPu,105e4ae4d8e52a8264a85f937a329ac261025c3f3a2c4e8ffe45914bac17f16e,
1957,1624,ITA,18(9.8)(b),in respect of a taxation year ending after 1991,start,,1991,year,exact,msgbatch_01MAMQYzwFgpXmFNT65qsCPu,105e4ae4d8e52a8264a85f937a329ac261025c3f3a2c4e8ffe45914bac17f16e,
2864,2863,ITA,19.1(1),"made or incurred after September 21, 1976",start,1976-09-21,,day,exact,msgbatch_01MAMQYzwFgpXmFNT65qsCPu,105e4ae4d8e52a8264a85f937a329ac261025c3f3a2c4e8ffe45914bac17f16e,
2865,2863,ITA,19.1(2),"made or incurred before September 22, 1977",end,1977-09-22,,day,exact,msgbatch_01MAMQYzwFgpXmFNT65qsCPu,105e4ae4d8e52a8264a85f937a329ac261025c3f3a2c4e8ffe45914bac17f16e,
2866,2863,ITA,19.1(2)(a),"entered into on or before January 23, 1975",end,1975-01-23,,day,exact,msgbatch_01MAMQYzwFgpXmFNT65qsCPu,105e4ae4d8e52a8264a85f937a329ac261025c3f3a2c4e8ffe45914bac17f16e,
2867,2863,ITA,19.1(2)(b),"before September 22, 1976",end,1976-09-22,,day,exact,msgbatch_01MAMQYzwFgpXmFNT65qsCPu,105e4ae4d8e52a8264a85f937a329ac261025c3f3a2c4e8ffe45914bac17f16e,
2867,2863,ITA,19.1(2)(b),"entered into after January 23, 1975",start,1975-01-23,,day,exact,msgbatch_01MAMQYzwFgpXmFNT65qsCPu,105e4ae4d8e52a8264a85f937a329ac261025c3f3a2c4e8ffe45914bac17f16e,
28757,28751,ITA,191.5(2),at any time during a 2021 taxation year,at,,2021,year,exact,msgbatch_016eDcdn9uNXaHf3uegqfihG,5d4fbebf557535ebdcf651adda9f3b9d12093e3e7b3da50aedc79177fb876a4a,
28757,28751,ITA,191.5(2),for its 2022 taxation year,at,,2022,year,exact,msgbatch_016eDcdn9uNXaHf3uegqfihG,5d4fbebf557535ebdcf651adda9f3b9d12093e3e7b3da50aedc79177fb876a4a,
28758,28751,ITA,191.5(2)~f1,2020 taxation years of the corporation,at,,2020,year,exact,msgbatch_01PAmDKwYrxqTy6FGwKztARN,5d4fbebf557535ebdcf651adda9f3b9d12093e3e7b3da50aedc79177fb876a4a,
28758,28751,ITA,191.5(2)~f1,2021 taxation years of the corporation,at,,2021,year,exact,msgbatch_01PAmDKwYrxqTy6FGwKztARN,5d4fbebf557535ebdcf651adda9f3b9d12093e3e7b3da50aedc79177fb876a4a,
28758,28751,ITA,191.5(2)~f1,at the end of each 2021 taxation year of the corporation,at,,2021,year,exact,msgbatch_01PAmDKwYrxqTy6FGwKztARN,5d4fbebf557535ebdcf651adda9f3b9d12093e3e7b3da50aedc79177fb876a4a,
28763,28751,ITA,191.5(5),at any time during a 2021 taxation year,start,,2021,year,exact,msgbatch_01MAMQYzwFgpXmFNT65qsCPu,105e4ae4d8e52a8264a85f937a329ac261025c3f3a2c4e8ffe45914bac17f16e,
28764,28751,ITA,191.5(6),member of a related group at any time during the 2021 taxation year,start,,2021,year,exact,msgbatch_01MAMQYzwFgpXmFNT65qsCPu,105e4ae4d8e52a8264a85f937a329ac261025c3f3a2c4e8ffe45914bac17f16e,
28766,28751,ITA,191.5(8),no later than the day on or before which the corporation is required by section 150 to file its return of income for the 2022 taxation year under Part I,end,,2022,year,exact,msgbatch_01MAMQYzwFgpXmFNT65qsCPu,105e4ae4d8e52a8264a85f937a329ac261025c3f3a2c4e8ffe45914bac17f16e,
28767,28751,ITA,191.5(9),A corporation liable to pay tax for the 2022 taxation year under this Part,start,,2022,year,exact,msgbatch_01MAMQYzwFgpXmFNT65qsCPu,105e4ae4d8e52a8264a85f937a329ac261025c3f3a2c4e8ffe45914bac17f16e,
29520,29517,ITA,"205(1)""ALDA dollar limit""(a)","for 2020, $150,000",step_down,,2020,year,exact,msgbatch_01MAMQYzwFgpXmFNT65qsCPu,105e4ae4d8e52a8264a85f937a329ac261025c3f3a2c4e8ffe45914bac17f16e,
29521,29517,ITA,"205(1)""ALDA dollar limit""(b)",adjusted for each year after 2020,start,,2020,year,exact,msgbatch_01MAMQYzwFgpXmFNT65qsCPu,105e4ae4d8e52a8264a85f937a329ac261025c3f3a2c4e8ffe45914bac17f16e,
29521,29517,ITA,"205(1)""ALDA dollar limit""(b)",for each year after 2020,start,,2020,year,exact,msgbatch_01MAMQYzwFgpXmFNT65qsCPu,105e4ae4d8e52a8264a85f937a329ac261025c3f3a2c4e8ffe45914bac17f16e,
29677,29541,ITA,"207.01(1)""TFSA dollar limit""(a)","for 2009 to 2012, $5,000",step_down,,2009,year,whitespace_normalized,msgbatch_01VXS4B4na17QrTVMPFLjs8f,cac8c075da7afb4bade5f8a660c0932dc8998789912e81a958adf8778317496d,parent
29677,29541,ITA,"207.01(1)""TFSA dollar limit""(a)","for 2009 to 2012, $5,000",step_down,,2012,year,whitespace_normalized,msgbatch_01VXS4B4na17QrTVMPFLjs8f,cac8c075da7afb4bade5f8a660c0932dc8998789912e81a958adf8778317496d,parent
29678,29541,ITA,"207.01(1)""TFSA dollar limit""(b)","for 2013 and 2014, $5,500",step_down,,2013,year,whitespace_normalized,msgbatch_01VXS4B4na17QrTVMPFLjs8f,cac8c075da7afb4bade5f8a660c0932dc8998789912e81a958adf8778317496d,parent
29678,29541,ITA,"207.01(1)""TFSA dollar limit""(b)","for 2013 and 2014, $5,500",step_down,,2014,year,whitespace_normalized,msgbatch_01VXS4B4na17QrTVMPFLjs8f,cac8c075da7afb4bade5f8a660c0932dc8998789912e81a958adf8778317496d,parent
29679,29541,ITA,"207.01(1)""TFSA dollar limit""(c)","for 2015, $10,000",step_down,,2015,year,whitespace_normalized,msgbatch_01VXS4B4na17QrTVMPFLjs8f,cac8c075da7afb4bade5f8a660c0932dc8998789912e81a958adf8778317496d,parent
29680,29541,ITA,"207.01(1)""TFSA dollar limit""(d)",for each year after 2015,start,,2015,year,exact,msgbatch_01VXS4B4na17QrTVMPFLjs8f,cac8c075da7afb4bade5f8a660c0932dc8998789912e81a958adf8778317496d,parent
29682,29541,ITA,"207.01(1)""transitional prohibited investment benefit""~f1","accrues after March 22, 2011",start,2011-03-22,,day,exact,msgbatch_01MAMQYzwFgpXmFNT65qsCPu,105e4ae4d8e52a8264a85f937a329ac261025c3f3a2c4e8ffe45914bac17f16e,
29682,29541,ITA,"207.01(1)""transitional prohibited investment benefit""~f1","accrues after March 22, 2011; and",start,2011-03-22,,day,exact,msgbatch_01MAMQYzwFgpXmFNT65qsCPu,105e4ae4d8e52a8264a85f937a329ac261025c3f3a2c4e8ffe45914bac17f16e,
29682,29541,ITA,"207.01(1)""transitional prohibited investment benefit""~f1","is earned after March 22, 2011",start,2011-03-22,,day,exact,msgbatch_01MAMQYzwFgpXmFNT65qsCPu,105e4ae4d8e52a8264a85f937a329ac261025c3f3a2c4e8ffe45914bac17f16e,
29684,29541,ITA,"207.01(1)""transitional prohibited property""(a)","on March 22, 2011 by a trust governed by a RRIF or RRSP of the controlling individual",at,2011-03-22,,day,exact,msgbatch_01994ACyYJVJfcoySYAdCGaw,5d4fbebf557535ebdcf651adda9f3b9d12093e3e7b3da50aedc79177fb876a4a,
29684,29541,ITA,"207.01(1)""transitional prohibited property""(a)","was a prohibited investment for that trust on March 23, 2011",at,2011-03-23,,day,exact,msgbatch_01994ACyYJVJfcoySYAdCGaw,5d4fbebf557535ebdcf651adda9f3b9d12093e3e7b3da50aedc79177fb876a4a,
29685,29541,ITA,"207.01(1)""transitional prohibited property""(b)","on March 22, 2017 by a trust governed by a RDSP or RESP of the controlling individual",at,2017-03-22,,day,exact,msgbatch_01994ACyYJVJfcoySYAdCGaw,5d4fbebf557535ebdcf651adda9f3b9d12093e3e7b3da50aedc79177fb876a4a,
29685,29541,ITA,"207.01(1)""transitional prohibited property""(b)","that was a prohibited investment for that trust on March 23, 2017",at,2017-03-23,,day,exact,msgbatch_01994ACyYJVJfcoySYAdCGaw,5d4fbebf557535ebdcf651adda9f3b9d12093e3e7b3da50aedc79177fb876a4a,
29687,29541,ITA,"207.01(1)""unused TFSA contribution room""(a)","if the year is before 2009, nil",end,,2009,year,exact,msgbatch_01MAMQYzwFgpXmFNT65qsCPu,105e4ae4d8e52a8264a85f937a329ac261025c3f3a2c4e8ffe45914bac17f16e,
29722,29541,ITA,207.01(11)(a),"a prohibited investment for the trust on March 23, 2011",at,2011-03-23,,day,exact,msgbatch_01994ACyYJVJfcoySYAdCGaw,5d4fbebf557535ebdcf651adda9f3b9d12093e3e7b3da50aedc79177fb876a4a,
29722,29541,ITA,207.01(11)(a),"a property that was held on March 22, 2011",at,2011-03-22,,day,exact,msgbatch_01994ACyYJVJfcoySYAdCGaw,5d4fbebf557535ebdcf651adda9f3b9d12093e3e7b3da50aedc79177fb876a4a,
29736,29541,ITA,207.01(13)(a)(i)(A),"held on March 22, 2011 by a trust governed by a RRIF or RRSP",at,2011-03-22,,day,exact,msgbatch_01994ACyYJVJfcoySYAdCGaw,5d4fbebf557535ebdcf651adda9f3b9d12093e3e7b3da50aedc79177fb876a4a,
29737,29541,ITA,207.01(13)(a)(i)(B),"a prohibited investment for the trust on March 23, 2011",at,2011-03-23,,day,exact,msgbatch_01994ACyYJVJfcoySYAdCGaw,5d4fbebf557535ebdcf651adda9f3b9d12093e3e7b3da50aedc79177fb876a4a,
29739,29541,ITA,207.01(13)(a)(ii)(A),"held on March 22, 2017 by a trust governed by a RDSP or RESP",at,2017-03-22,,day,exact,msgbatch_01994ACyYJVJfcoySYAdCGaw,5d4fbebf557535ebdcf651adda9f3b9d12093e3e7b3da50aedc79177fb876a4a,
29740,29541,ITA,207.01(13)(a)(ii)(B),"a prohibited investment for the trust on March 23, 2017",at,2017-03-23,,day,exact,msgbatch_01994ACyYJVJfcoySYAdCGaw,5d4fbebf557535ebdcf651adda9f3b9d12093e3e7b3da50aedc79177fb876a4a,
29703,29541,ITA,207.01(7)(a),"at the end of March 22, 2011",end,2011-03-22,,day,exact,msgbatch_01MAMQYzwFgpXmFNT65qsCPu,105e4ae4d8e52a8264a85f937a329ac261025c3f3a2c4e8ffe45914bac17f16e,
29704,29541,ITA,207.01(7)(b),"at the end of March 22, 2017",end,2017-03-22,,day,exact,msgbatch_01MAMQYzwFgpXmFNT65qsCPu,105e4ae4d8e52a8264a85f937a329ac261025c3f3a2c4e8ffe45914bac17f16e,
30461,30433,ITA,212(1)(d)(vii)(B),"entered into before November 19, 1974",end,1974-11-19,,day,exact,msgbatch_01MAMQYzwFgpXmFNT65qsCPu,105e4ae4d8e52a8264a85f937a329ac261025c3f3a2c4e8ffe45914bac17f16e,
30728,30433,ITA,212(10),a trust established before 1949,end,,1949,year,exact,msgbatch_01MAMQYzwFgpXmFNT65qsCPu,105e4ae4d8e52a8264a85f937a329ac261025c3f3a2c4e8ffe45914bac17f16e,
30737,30433,ITA,212(13)(f),"entered into or issued or modified after March 31, 1977",start,1977-03-31,,day,exact,msgbatch_01MAMQYzwFgpXmFNT65qsCPu,105e4ae4d8e52a8264a85f937a329ac261025c3f3a2c4e8ffe45914bac17f16e,
30754,30433,ITA,212(15),"after November 18, 1974",start,1974-11-18,,day,exact,msgbatch_01MAMQYzwFgpXmFNT65qsCPu,105e4ae4d8e52a8264a85f937a329ac261025c3f3a2c4e8ffe45914bac17f16e,
30758,30433,ITA,212(17.1)(a),after 2005 and before 2011,start,,2005,year,exact,msgbatch_01MAMQYzwFgpXmFNT65qsCPu,105e4ae4d8e52a8264a85f937a329ac261025c3f3a2c4e8ffe45914bac17f16e,
30758,30433,ITA,212(17.1)(a),after 2005 and before 2011,end,,2011,year,exact,msgbatch_01MAMQYzwFgpXmFNT65qsCPu,105e4ae4d8e52a8264a85f937a329ac261025c3f3a2c4e8ffe45914bac17f16e,
30759,30433,ITA,212(17.1)(b),after 2005,start,,2005,year,exact,msgbatch_01MAMQYzwFgpXmFNT65qsCPu,105e4ae4d8e52a8264a85f937a329ac261025c3f3a2c4e8ffe45914bac17f16e,
30759,30433,ITA,212(17.1)(b),before 2011,end,,2011,year,exact,msgbatch_01MAMQYzwFgpXmFNT65qsCPu,105e4ae4d8e52a8264a85f937a329ac261025c3f3a2c4e8ffe45914bac17f16e,
30718,30433,ITA,212(7),"issued after December 20, 1960",start,1960-12-20,,day,exact,msgbatch_01MAMQYzwFgpXmFNT65qsCPu,105e4ae4d8e52a8264a85f937a329ac261025c3f3a2c4e8ffe45914bac17f16e,
30719,30433,ITA,212(8),"be deemed to have been issued on or before December 20, 1960",end,1960-12-20,,day,exact,msgbatch_01MAMQYzwFgpXmFNT65qsCPu,105e4ae4d8e52a8264a85f937a329ac261025c3f3a2c4e8ffe45914bac17f16e,
30719,30433,ITA,212(8),"was issued after December 20, 1960 in exchange for a bond issued on or before that day",start,1960-12-20,,day,exact,msgbatch_01MAMQYzwFgpXmFNT65qsCPu,105e4ae4d8e52a8264a85f937a329ac261025c3f3a2c4e8ffe45914bac17f16e,
3753,3751,ITA,37(1)(a),a preceding taxation year ending after 1973,start,,1973,year,exact,msgbatch_01MAMQYzwFgpXmFNT65qsCPu,105e4ae4d8e52a8264a85f937a329ac261025c3f3a2c4e8ffe45914bac17f16e,
3770,3751,ITA,37(1)(c),in a preceding taxation year ending after 1973,start,,1973,year,exact,msgbatch_01MAMQYzwFgpXmFNT65qsCPu,105e4ae4d8e52a8264a85f937a329ac261025c3f3a2c4e8ffe45914bac17f16e,
3794,3751,ITA,37(1.5)(a),"in the taxation year and after February 25, 2008",start,2008-02-25,,day,exact,msgbatch_01MAMQYzwFgpXmFNT65qsCPu,105e4ae4d8e52a8264a85f937a329ac261025c3f3a2c4e8ffe45914bac17f16e,
3882,3751,ITA,37(11),a taxation year that begins after 1995,start,,1995,year,exact,msgbatch_01MAMQYzwFgpXmFNT65qsCPu,105e4ae4d8e52a8264a85f937a329ac261025c3f3a2c4e8ffe45914bac17f16e,
3947,3947,ITA,39(1)(c),from a disposition after 1977,start,,1977,year,exact,msgbatch_01MAMQYzwFgpXmFNT65qsCPu,105e4ae4d8e52a8264a85f937a329ac261025c3f3a2c4e8ffe45914bac17f16e,
3965,3965,ITA,39(1.1),any fluctuation after 1971,start,,1971,year,exact,msgbatch_01MAMQYzwFgpXmFNT65qsCPu,105e4ae4d8e52a8264a85f937a329ac261025c3f3a2c4e8ffe45914bac17f16e,
3971,3971,ITA,39(2),any fluctuation after 1971,start,,1971,year,exact,msgbatch_01MAMQYzwFgpXmFNT65qsCPu,105e4ae4d8e52a8264a85f937a329ac261025c3f3a2c4e8ffe45914bac17f16e,
4147,4147,ITA,40(2)(b),"the later of December 31, 1971",start,1971-12-31,,day,exact,msgbatch_01MAMQYzwFgpXmFNT65qsCPu,105e4ae4d8e52a8264a85f937a329ac261025c3f3a2c4e8ffe45914bac17f16e,
4741,4741,ITA,52(4),acquired by a taxpayer at any time after 1971,start,,1971,year,exact,msgbatch_01MAMQYzwFgpXmFNT65qsCPu,105e4ae4d8e52a8264a85f937a329ac261025c3f3a2c4e8ffe45914bac17f16e,
5204,5163,ITA,"55(1)""specified corporation""(c)",after 1998,start,,1998,year,exact,msgbatch_01MAMQYzwFgpXmFNT65qsCPu,105e4ae4d8e52a8264a85f937a329ac261025c3f3a2c4e8ffe45914bac17f16e,
5205,5163,ITA,"55(1)""specified corporation""(d)",after 1998,start,,1998,year,exact,msgbatch_01MAMQYzwFgpXmFNT65qsCPu,105e4ae4d8e52a8264a85f937a329ac261025c3f3a2c4e8ffe45914bac17f16e,
5224,5163,ITA,55(2.1)(c),"after 1971 and before the safe-income determination time for the transaction, event or series",start,,1971,year,exact,msgbatch_01MAMQYzwFgpXmFNT65qsCPu,105e4ae4d8e52a8264a85f937a329ac261025c3f3a2c4e8ffe45914bac17f16e,
5230,5163,ITA,55(2.3)(a),"after 1971 and before the safe-income determination time for the transaction, event or series",start,,1971,year,exact,msgbatch_01MAMQYzwFgpXmFNT65qsCPu,105e4ae4d8e52a8264a85f937a329ac261025c3f3a2c4e8ffe45914bac17f16e,
5231,5163,ITA,55(2.3)(b),"after 1971 and before the safe-income determination time for the transaction, event or series",start,,1971,year,exact,msgbatch_01MAMQYzwFgpXmFNT65qsCPu,105e4ae4d8e52a8264a85f937a329ac261025c3f3a2c4e8ffe45914bac17f16e,
5346,5163,ITA,55(5)(b)(iii),"a taxation year that ended before February 28, 2000",end,2000-02-28,,day,exact,msgbatch_01MAMQYzwFgpXmFNT65qsCPu,105e4ae4d8e52a8264a85f937a329ac261025c3f3a2c4e8ffe45914bac17f16e,
5348,5163,ITA,55(5)(b)(iv)(A),"before October 18, 2000",end,2000-10-18,,day,exact,msgbatch_01MAMQYzwFgpXmFNT65qsCPu,105e4ae4d8e52a8264a85f937a329ac261025c3f3a2c4e8ffe45914bac17f16e,
5348,5163,ITA,55(5)(b)(iv)(A),"ended after February 27, 2000",start,2000-02-27,,day,exact,msgbatch_01MAMQYzwFgpXmFNT65qsCPu,105e4ae4d8e52a8264a85f937a329ac261025c3f3a2c4e8ffe45914bac17f16e,
5350,5163,ITA,55(5)(b)(iv)(B),"that ended after February 27, 2000 and before October 18, 2000",start,2000-02-27,,day,exact,msgbatch_01MAMQYzwFgpXmFNT65qsCPu,105e4ae4d8e52a8264a85f937a329ac261025c3f3a2c4e8ffe45914bac17f16e,
5350,5163,ITA,55(5)(b)(iv)(B),"that ended after February 27, 2000 and before October 18, 2000",end,2000-10-18,,day,exact,msgbatch_01MAMQYzwFgpXmFNT65qsCPu,105e4ae4d8e52a8264a85f937a329ac261025c3f3a2c4e8ffe45914bac17f16e,
5354,5163,ITA,55(5)(b)(v)(A),"that ends after October 17, 2000",start,2000-10-17,,day,exact,msgbatch_01MAMQYzwFgpXmFNT65qsCPu,105e4ae4d8e52a8264a85f937a329ac261025c3f3a2c4e8ffe45914bac17f16e,
5356,5163,ITA,55(5)(b)(v)(B),"ends after October 17, 2000",start,2000-10-17,,day,exact,msgbatch_01MAMQYzwFgpXmFNT65qsCPu,105e4ae4d8e52a8264a85f937a329ac261025c3f3a2c4e8ffe45914bac17f16e,
5360,5163,ITA,55(5)(c)(i),taxation years that ended before 1995,end,,1995,year,exact,msgbatch_01MAMQYzwFgpXmFNT65qsCPu,105e4ae4d8e52a8264a85f937a329ac261025c3f3a2c4e8ffe45914bac17f16e,
5373,5163,ITA,55(5)(f)(i)(B),after 1971,start,,1971,year,exact,msgbatch_01MAMQYzwFgpXmFNT65qsCPu,105e4ae4d8e52a8264a85f937a329ac261025c3f3a2c4e8ffe45914bac17f16e,
6334,6263,ITA,63(3.1),for the 2020 or 2021 taxation year,start,,2020,year,exact,msgbatch_01MAMQYzwFgpXmFNT65qsCPu,105e4ae4d8e52a8264a85f937a329ac261025c3f3a2c4e8ffe45914bac17f16e,
6334,6263,ITA,63(3.1),for the 2020 or 2021 taxation year,end,,2021,year,exact,msgbatch_01MAMQYzwFgpXmFNT65qsCPu,105e4ae4d8e52a8264a85f937a329ac261025c3f3a2c4e8ffe45914bac17f16e,
6804,6778,ITA,"66.1(6)""Canadian exploration expense""","incurred after May 6, 1974",start,1974-05-06,,day,exact,msgbatch_01MAMQYzwFgpXmFNT65qsCPu,105e4ae4d8e52a8264a85f937a329ac261025c3f3a2c4e8ffe45914bac17f16e,
6808,6778,ITA,"66.1(6)""Canadian exploration expense""(b)","incurred by the taxpayer after March, 1985",start,1985-03,,month,exact,msgbatch_01MAMQYzwFgpXmFNT65qsCPu,105e4ae4d8e52a8264a85f937a329ac261025c3f3a2c4e8ffe45914bac17f16e,
6811,6778,ITA,"66.1(6)""Canadian exploration expense""(c)","any expense incurred before April, 1987",end,1987-04,,month,exact,msgbatch_01MAMQYzwFgpXmFNT65qsCPu,105e4ae4d8e52a8264a85f937a329ac261025c3f3a2c4e8ffe45914bac17f16e,
6817,6778,ITA,"66.1(6)""Canadian exploration expense""(d)","incurred by the taxpayer after March, 1987",start,1987-03,,month,exact,msgbatch_01MAMQYzwFgpXmFNT65qsCPu,105e4ae4d8e52a8264a85f937a329ac261025c3f3a2c4e8ffe45914bac17f16e,
6822,6778,ITA,"66.1(6)""Canadian exploration expense""(d)(i)(C)(I)","an expense that is deemed by subsection 66(12.66) to have been incurred on December 31, 2020",at,2020-12-31,,day,exact,msgbatch_01994ACyYJVJfcoySYAdCGaw,5d4fbebf557535ebdcf651adda9f3b9d12093e3e7b3da50aedc79177fb876a4a,
6822,6778,ITA,"66.1(6)""Canadian exploration expense""(d)(i)(C)(I)",before 2021,end,,2021,year,exact,msgbatch_01994ACyYJVJfcoySYAdCGaw,5d4fbebf557535ebdcf651adda9f3b9d12093e3e7b3da50aedc79177fb876a4a,
6822,6778,ITA,"66.1(6)""Canadian exploration expense""(d)(i)(C)(I)","committed to in writing (including a commitment to a government under the terms of a license or permit) by the taxpayer before March 22, 2017",end,2017-03-22,,day,exact,msgbatch_01994ACyYJVJfcoySYAdCGaw,5d4fbebf557535ebdcf651adda9f3b9d12093e3e7b3da50aedc79177fb876a4a,
6823,6778,ITA,"66.1(6)""Canadian exploration expense""(d)(i)(C)(II)",before 2019,end,,2019,year,exact,msgbatch_01994ACyYJVJfcoySYAdCGaw,5d4fbebf557535ebdcf651adda9f3b9d12093e3e7b3da50aedc79177fb876a4a,
6823,6778,ITA,"66.1(6)""Canadian exploration expense""(d)(i)(C)(II)","to have been incurred on December 31, 2018",at,2018-12-31,,day,exact,msgbatch_01994ACyYJVJfcoySYAdCGaw,5d4fbebf557535ebdcf651adda9f3b9d12093e3e7b3da50aedc79177fb876a4a,
6839,6778,ITA,"66.1(6)""Canadian exploration expense""(g)","after November 16, 1978",start,1978-11-16,,day,exact,msgbatch_01MAMQYzwFgpXmFNT65qsCPu,105e4ae4d8e52a8264a85f937a329ac261025c3f3a2c4e8ffe45914bac17f16e,
6839,6778,ITA,"66.1(6)""Canadian exploration expense""(g)","before March 21, 2013",end,2013-03-21,,day,exact,msgbatch_01MAMQYzwFgpXmFNT65qsCPu,105e4ae4d8e52a8264a85f937a329ac261025c3f3a2c4e8ffe45914bac17f16e,
6841,6778,ITA,"66.1(6)""Canadian exploration expense""(g.2)","any expense incurred by the taxpayer after March 21, 2011",start,2011-03-21,,day,exact,msgbatch_01MAMQYzwFgpXmFNT65qsCPu,105e4ae4d8e52a8264a85f937a329ac261025c3f3a2c4e8ffe45914bac17f16e,
6845,6778,ITA,"66.1(6)""Canadian exploration expense""(g.3)(i)","before March 21, 2013",end,2013-03-21,,day,exact,msgbatch_01MAMQYzwFgpXmFNT65qsCPu,105e4ae4d8e52a8264a85f937a329ac261025c3f3a2c4e8ffe45914bac17f16e,
6847,6778,ITA,"66.1(6)""Canadian exploration expense""(g.3)(ii)(A)","the construction of the new mine was started by, or on behalf of, the taxpayer before March 21, 2013",end,2013-03-21,,day,exact,msgbatch_01MAMQYzwFgpXmFNT65qsCPu,105e4ae4d8e52a8264a85f937a329ac261025c3f3a2c4e8ffe45914bac17f16e,
6848,6778,ITA,"66.1(6)""Canadian exploration expense""(g.3)(ii)(B)","was started by, or on behalf of, the taxpayer before March 21, 2013",end,2013-03-21,,day,exact,msgbatch_01MAMQYzwFgpXmFNT65qsCPu,105e4ae4d8e52a8264a85f937a329ac261025c3f3a2c4e8ffe45914bac17f16e,
6850,6778,ITA,"66.1(6)""Canadian exploration expense""(g.4)~f1",100% if the expense is incurred before 2015,step_down,,2015,year,exact,msgbatch_01994ACyYJVJfcoySYAdCGaw,5d4fbebf557535ebdcf651adda9f3b9d12093e3e7b3da50aedc79177fb876a4a,
6850,6778,ITA,"66.1(6)""Canadian exploration expense""(g.4)~f1",30% if the expense is incurred in 2017,step_down,,2017,year,exact,msgbatch_01994ACyYJVJfcoySYAdCGaw,5d4fbebf557535ebdcf651adda9f3b9d12093e3e7b3da50aedc79177fb876a4a,
6850,6778,ITA,"66.1(6)""Canadian exploration expense""(g.4)~f1",60% if the expense is incurred in 2016,step_down,,2016,year,exact,msgbatch_01994ACyYJVJfcoySYAdCGaw,5d4fbebf557535ebdcf651adda9f3b9d12093e3e7b3da50aedc79177fb876a4a,
6850,6778,ITA,"66.1(6)""Canadian exploration expense""(g.4)~f1",80% if the expense is incurred in 2015,step_down,,2015,year,exact,msgbatch_01994ACyYJVJfcoySYAdCGaw,5d4fbebf557535ebdcf651adda9f3b9d12093e3e7b3da50aedc79177fb876a4a,
6852,6778,ITA,"66.1(6)""Canadian exploration expense""(i)",entered into before 1987,end,,1987,year,exact,msgbatch_01MAMQYzwFgpXmFNT65qsCPu,105e4ae4d8e52a8264a85f937a329ac261025c3f3a2c4e8ffe45914bac17f16e,
6859,6778,ITA,"66.1(6)""Canadian exploration expense""(k.1)",acquired after 1987,start,,1987,year,exact,msgbatch_01MAMQYzwFgpXmFNT65qsCPu,105e4ae4d8e52a8264a85f937a329ac261025c3f3a2c4e8ffe45914bac17f16e,
6865,6778,ITA,"66.1(6)""Canadian exploration expense""~c2","received or is entitled to receive after May 25, 1976",start,1976-05-25,,day,exact,msgbatch_01MAMQYzwFgpXmFNT65qsCPu,105e4ae4d8e52a8264a85f937a329ac261025c3f3a2c4e8ffe45914bac17f16e,
6869,6778,ITA,"66.1(6)""cumulative Canadian exploration expense""~f1",any Canadian exploration expense incurred after 1980,start,,1980,year,exact,msgbatch_01MAMQYzwFgpXmFNT65qsCPu,105e4ae4d8e52a8264a85f937a329ac261025c3f3a2c4e8ffe45914bac17f16e,
6869,6778,ITA,"66.1(6)""cumulative Canadian exploration expense""~f1",can reasonably be related to Canadian exploration activities after 1980,start,,1980,year,exact,msgbatch_01MAMQYzwFgpXmFNT65qsCPu,105e4ae4d8e52a8264a85f937a329ac261025c3f3a2c4e8ffe45914bac17f16e,
6869,6778,ITA,"66.1(6)""cumulative Canadian exploration expense""~f1","in respect of amounts paid to the taxpayer before May 25, 1976",end,1976-05-25,,day,exact,msgbatch_01MAMQYzwFgpXmFNT65qsCPu,105e4ae4d8e52a8264a85f937a329ac261025c3f3a2c4e8ffe45914bac17f16e,
6869,6778,ITA,"66.1(6)""cumulative Canadian exploration expense""~f1","paid by the taxpayer after May 6, 1974 and before that time",start,1974-05-06,,day,exact,msgbatch_01MAMQYzwFgpXmFNT65qsCPu,105e4ae4d8e52a8264a85f937a329ac261025c3f3a2c4e8ffe45914bac17f16e,
6869,6778,ITA,"66.1(6)""cumulative Canadian exploration expense""~f1","paid to the taxpayer after May 6, 1974 and before May 25, 1976",start,1974-05-06,,day,exact,msgbatch_01MAMQYzwFgpXmFNT65qsCPu,105e4ae4d8e52a8264a85f937a329ac261025c3f3a2c4e8ffe45914bac17f16e,
6869,6778,ITA,"66.1(6)""cumulative Canadian exploration expense""~f1","paid to the taxpayer after May 6, 1974 and before May 25, 1976",end,1976-05-25,,day,exact,msgbatch_01MAMQYzwFgpXmFNT65qsCPu,105e4ae4d8e52a8264a85f937a329ac261025c3f3a2c4e8ffe45914bac17f16e,
6885,6778,ITA,"66.1(6)""eligible oil sands mine development expense""",before 2016,end,,2016,year,exact,msgbatch_016eDcdn9uNXaHf3uegqfihG,5d4fbebf557535ebdcf651adda9f3b9d12093e3e7b3da50aedc79177fb876a4a,
6885,6778,ITA,"66.1(6)""eligible oil sands mine development expense""","incurred by the taxpayer after March 21, 2011",start,2011-03-21,,day,exact,msgbatch_016eDcdn9uNXaHf3uegqfihG,5d4fbebf557535ebdcf651adda9f3b9d12093e3e7b3da50aedc79177fb876a4a,
6886,6778,ITA,"66.1(6)""eligible oil sands mine development expense""~f1",100% if the expense is incurred before 2013,step_down,,2013,year,exact,msgbatch_01994ACyYJVJfcoySYAdCGaw,5d4fbebf557535ebdcf651adda9f3b9d12093e3e7b3da50aedc79177fb876a4a,
6886,6778,ITA,"66.1(6)""eligible oil sands mine development expense""~f1",30% if the expense is incurred in 2015,step_down,,2015,year,exact,msgbatch_01994ACyYJVJfcoySYAdCGaw,5d4fbebf557535ebdcf651adda9f3b9d12093e3e7b3da50aedc79177fb876a4a,
6886,6778,ITA,"66.1(6)""eligible oil sands mine development expense""~f1",60% if the expense is incurred in 2014,step_down,,2014,year,exact,msgbatch_01994ACyYJVJfcoySYAdCGaw,5d4fbebf557535ebdcf651adda9f3b9d12093e3e7b3da50aedc79177fb876a4a,
6886,6778,ITA,"66.1(6)""eligible oil sands mine development expense""~f1",80% if the expense is incurred in 2013,step_down,,2013,year,exact,msgbatch_01994ACyYJVJfcoySYAdCGaw,5d4fbebf557535ebdcf651adda9f3b9d12093e3e7b3da50aedc79177fb876a4a,
6895,6778,ITA,"66.1(6)""restricted expense""(a)","incurred by the taxpayer before April, 1987",end,1987-04,,month,exact,msgbatch_01MAMQYzwFgpXmFNT65qsCPu,105e4ae4d8e52a8264a85f937a329ac261025c3f3a2c4e8ffe45914bac17f16e,
6896,6778,ITA,"66.1(6)""restricted expense""(b)","the expense was originally incurred before April, 1987",end,1987-04,,month,exact,msgbatch_01MAMQYzwFgpXmFNT65qsCPu,105e4ae4d8e52a8264a85f937a329ac261025c3f3a2c4e8ffe45914bac17f16e,
6903,6778,ITA,"66.1(6)""specified oil sands mine development expense""(b)","after March 21, 2011",start,2011-03-21,,day,exact,msgbatch_01MAMQYzwFgpXmFNT65qsCPu,105e4ae4d8e52a8264a85f937a329ac261025c3f3a2c4e8ffe45914bac17f16e,
6903,6778,ITA,"66.1(6)""specified oil sands mine development expense""(b)",before 2015,end,,2015,year,exact,msgbatch_01MAMQYzwFgpXmFNT65qsCPu,105e4ae4d8e52a8264a85f937a329ac261025c3f3a2c4e8ffe45914bac17f16e,
6906,6778,ITA,"66.1(6)""specified oil sands mine development project""(a)","before March 22, 2011",end,2011-03-22,,day,exact,msgbatch_01MAMQYzwFgpXmFNT65qsCPu,105e4ae4d8e52a8264a85f937a329ac261025c3f3a2c4e8ffe45914bac17f16e,
6910,6778,ITA,"66.1(6)""specified oil sands mine development project""(b)(i)","as of March 21, 2011",start,2011-03-21,,day,exact,msgbatch_01MAMQYzwFgpXmFNT65qsCPu,105e4ae4d8e52a8264a85f937a329ac261025c3f3a2c4e8ffe45914bac17f16e,
6931,6778,ITA,66.1(9)(f)(iii)(A),after 2020,start,,2020,year,exact,msgbatch_01994ACyYJVJfcoySYAdCGaw,5d4fbebf557535ebdcf651adda9f3b9d12093e3e7b3da50aedc79177fb876a4a,
6931,6778,ITA,66.1(9)(f)(iii)(A),"by the taxpayer before March 22, 2017",end,2017-03-22,,day,exact,msgbatch_01994ACyYJVJfcoySYAdCGaw,5d4fbebf557535ebdcf651adda9f3b9d12093e3e7b3da50aedc79177fb876a4a,
6931,6778,ITA,66.1(9)(f)(iii)(A),"deemed by subsection 66(12.66) to have been incurred on December 31, 2020",at,2020-12-31,,day,exact,msgbatch_01994ACyYJVJfcoySYAdCGaw,5d4fbebf557535ebdcf651adda9f3b9d12093e3e7b3da50aedc79177fb876a4a,
6932,6778,ITA,66.1(9)(f)(iii)(B),after 2018,start,,2018,year,exact,msgbatch_01994ACyYJVJfcoySYAdCGaw,5d4fbebf557535ebdcf651adda9f3b9d12093e3e7b3da50aedc79177fb876a4a,
6932,6778,ITA,66.1(9)(f)(iii)(B),"deemed by subsection 66(12.66) to have been incurred on December 31, 2018",at,2018-12-31,,day,exact,msgbatch_01994ACyYJVJfcoySYAdCGaw,5d4fbebf557535ebdcf651adda9f3b9d12093e3e7b3da50aedc79177fb876a4a,
7550,7517,ITA,"67.1(5)""specified percentage""(a)",before 2008,step_down,,2008,year,exact,msgbatch_01994ACyYJVJfcoySYAdCGaw,5d4fbebf557535ebdcf651adda9f3b9d12093e3e7b3da50aedc79177fb876a4a,
7550,7517,ITA,"67.1(5)""specified percentage""(a)","on or after March 19, 2007",step_down,2007-03-19,,day,exact,msgbatch_01994ACyYJVJfcoySYAdCGaw,5d4fbebf557535ebdcf651adda9f3b9d12093e3e7b3da50aedc79177fb876a4a,
7551,7517,ITA,"67.1(5)""specified percentage""(b)","65 per cent, if the amount is paid or becomes payable in 2008",step_down,,2008,year,exact,msgbatch_01994ACyYJVJfcoySYAdCGaw,5d4fbebf557535ebdcf651adda9f3b9d12093e3e7b3da50aedc79177fb876a4a,
7552,7517,ITA,"67.1(5)""specified percentage""(c)","70 per cent, if the amount is paid or becomes payable in 2009",step_down,,2009,year,exact,msgbatch_01994ACyYJVJfcoySYAdCGaw,5d4fbebf557535ebdcf651adda9f3b9d12093e3e7b3da50aedc79177fb876a4a,
7553,7517,ITA,"67.1(5)""specified percentage""(d)","75 per cent, if the amount is paid or becomes payable in 2010",step_down,,2010,year,exact,msgbatch_01994ACyYJVJfcoySYAdCGaw,5d4fbebf557535ebdcf651adda9f3b9d12093e3e7b3da50aedc79177fb876a4a,
7554,7517,ITA,"67.1(5)""specified percentage""(e)","80 per cent, if the amount is paid or becomes payable after 2010",step_down,,2010,year,exact,msgbatch_01994ACyYJVJfcoySYAdCGaw,5d4fbebf557535ebdcf651adda9f3b9d12093e3e7b3da50aedc79177fb876a4a,
288,288,ITA,7(1.1),"Where after March 31, 1977",start,1977-03-31,,day,exact,msgbatch_01MAMQYzwFgpXmFNT65qsCPu,105e4ae4d8e52a8264a85f937a329ac261025c3f3a2c4e8ffe45914bac17f16e,
7966,7950,ITA,73(1.02)(a),created after 1999,start,,1999,year,exact,msgbatch_01MAMQYzwFgpXmFNT65qsCPu,105e4ae4d8e52a8264a85f937a329ac261025c3f3a2c4e8ffe45914bac17f16e,
8025,7950,ITA,73(5)(a),as it applies to transfers of property that occurred before 1993,end,,1993,year,exact,msgbatch_01MAMQYzwFgpXmFNT65qsCPu,105e4ae4d8e52a8264a85f937a329ac261025c3f3a2c4e8ffe45914bac17f16e,
481,368,ITA,8(1)(r),at any time after 2001 and before the end of the taxation year,start,,2001,year,exact,msgbatch_01MAMQYzwFgpXmFNT65qsCPu,105e4ae4d8e52a8264a85f937a329ac261025c3f3a2c4e8ffe45914bac17f16e,
507,368,ITA,8(6.1)(a),"is acquired by the taxpayer on or after May 2, 2006",start,2006-05-02,,day,exact,msgbatch_01MAMQYzwFgpXmFNT65qsCPu,105e4ae4d8e52a8264a85f937a329ac261025c3f3a2c4e8ffe45914bac17f16e,
8977,8965,ITA,82(1)(b)(i)(A),"for the 2018 taxation year, 16%",step_down,,2018,year,exact,msgbatch_01994ACyYJVJfcoySYAdCGaw,5d4fbebf557535ebdcf651adda9f3b9d12093e3e7b3da50aedc79177fb876a4a,
8978,8965,ITA,82(1)(b)(i)(B),"for taxation years after 2018, 15%",step_down,,2018,year,exact,msgbatch_01994ACyYJVJfcoySYAdCGaw,5d4fbebf557535ebdcf651adda9f3b9d12093e3e7b3da50aedc79177fb876a4a,
8980,8965,ITA,82(1)(b)(ii)(A),"before 2010, 45%",step_down,,2010,year,exact,msgbatch_01994ACyYJVJfcoySYAdCGaw,5d4fbebf557535ebdcf651adda9f3b9d12093e3e7b3da50aedc79177fb876a4a,
8980,8965,ITA,82(1)(b)(ii)(A),for taxation years that end after 2005,step_down,,2005,year,exact,msgbatch_01994ACyYJVJfcoySYAdCGaw,5d4fbebf557535ebdcf651adda9f3b9d12093e3e7b3da50aedc79177fb876a4a,
8981,8965,ITA,82(1)(b)(ii)(B),"for the 2010 taxation year, 44%",step_down,,2010,year,exact,msgbatch_01994ACyYJVJfcoySYAdCGaw,5d4fbebf557535ebdcf651adda9f3b9d12093e3e7b3da50aedc79177fb876a4a,
8982,8965,ITA,82(1)(b)(ii)(C),"for the 2011 taxation year, 41%",step_down,,2011,year,exact,msgbatch_01994ACyYJVJfcoySYAdCGaw,5d4fbebf557535ebdcf651adda9f3b9d12093e3e7b3da50aedc79177fb876a4a,
8983,8965,ITA,82(1)(b)(ii)(D),"for taxation years that end after 2011, 38%",step_down,,2011,year,exact,msgbatch_01994ACyYJVJfcoySYAdCGaw,5d4fbebf557535ebdcf651adda9f3b9d12093e3e7b3da50aedc79177fb876a4a,
8987,8965,ITA,82(1.1),"after April, 1989",start,1989-04,,month,exact,msgbatch_01MAMQYzwFgpXmFNT65qsCPu,105e4ae4d8e52a8264a85f937a329ac261025c3f3a2c4e8ffe45914bac17f16e,
8994,8994,ITA,83(2),at any particular time after 1971,start,,1971,year,exact,msgbatch_01MAMQYzwFgpXmFNT65qsCPu,105e4ae4d8e52a8264a85f937a329ac261025c3f3a2c4e8ffe45914bac17f16e,
9349,9259,ITA,85(2.1)(b),"at any time after November 21, 1985",start,1985-11-21,,day,exact,msgbatch_01MAMQYzwFgpXmFNT65qsCPu,105e4ae4d8e52a8264a85f937a329ac261025c3f3a2c4e8ffe45914bac17f16e,
9351,9259,ITA,85(2.1)(b)(i)(A),"paid after November 21, 1985",start,1985-11-21,,day,exact,msgbatch_01MAMQYzwFgpXmFNT65qsCPu,105e4ae4d8e52a8264a85f937a329ac261025c3f3a2c4e8ffe45914bac17f16e,
9354,9259,ITA,85(2.1)(b)(ii),"after November 21, 1985",start,1985-11-21,,day,exact,msgbatch_01MAMQYzwFgpXmFNT65qsCPu,105e4ae4d8e52a8264a85f937a329ac261025c3f3a2c4e8ffe45914bac17f16e,
9383,9259,ITA,85(7),"that day is after May 6, 1974",start,1974-05-06,,day,exact,msgbatch_01MAMQYzwFgpXmFNT65qsCPu,105e4ae4d8e52a8264a85f937a329ac261025c3f3a2c4e8ffe45914bac17f16e,
9601,9585,ITA,87(2),after 1971,start,,1971,year,exact,msgbatch_016eDcdn9uNXaHf3uegqfihG,5d4fbebf557535ebdcf651adda9f3b9d12093e3e7b3da50aedc79177fb876a4a,
9617,9585,ITA,87(2)(d.1),deemed to have acquired the property before 1972,end,,1972,year,exact,msgbatch_01MAMQYzwFgpXmFNT65qsCPu,105e4ae4d8e52a8264a85f937a329ac261025c3f3a2c4e8ffe45914bac17f16e,
9671,9585,ITA,87(2)(l.1)(i)(A)(I),that ended after 1976,start,,1976,year,exact,msgbatch_01MAMQYzwFgpXmFNT65qsCPu,105e4ae4d8e52a8264a85f937a329ac261025c3f3a2c4e8ffe45914bac17f16e,
9694,9585,ITA,87(2)(p),as it read in its application to a taxation year before the 1972 taxation year,end,,1972,year,exact,msgbatch_01MAMQYzwFgpXmFNT65qsCPu,105e4ae4d8e52a8264a85f937a329ac261025c3f3a2c4e8ffe45914bac17f16e,
9701,9585,ITA,87(2)(t),deemed to have been acquired by the new corporation before 1972,end,,1972,year,exact,msgbatch_01994ACyYJVJfcoySYAdCGaw,5d4fbebf557535ebdcf651adda9f3b9d12093e3e7b3da50aedc79177fb876a4a,
9701,9585,ITA,87(2)(t),"owned by a predecessor corporation on December 31, 1971",at,1971-12-31,,day,exact,msgbatch_01994ACyYJVJfcoySYAdCGaw,5d4fbebf557535ebdcf651adda9f3b9d12093e3e7b3da50aedc79177fb876a4a,
9804,9585,ITA,87(4),"amalgamation of two or more corporations after May 6, 1974",start,1974-05-06,,day,exact,msgbatch_01MAMQYzwFgpXmFNT65qsCPu,105e4ae4d8e52a8264a85f937a329ac261025c3f3a2c4e8ffe45914bac17f16e,
9823,9585,ITA,87(4.1),"where there has been an amalgamation of two or more corporations after November 16, 1978",start,1978-11-16,,day,exact,msgbatch_01MAMQYzwFgpXmFNT65qsCPu,105e4ae4d8e52a8264a85f937a329ac261025c3f3a2c4e8ffe45914bac17f16e,
9827,9585,ITA,87(4.2),"after November 27, 1986",start,1986-11-27,,day,exact,msgbatch_01MAMQYzwFgpXmFNT65qsCPu,105e4ae4d8e52a8264a85f937a329ac261025c3f3a2c4e8ffe45914bac17f16e,
9839,9585,ITA,87(4.3),"amalgamation or merger of two or more corporations after June 18, 1987",start,1987-06-18,,day,exact,msgbatch_01MAMQYzwFgpXmFNT65qsCPu,105e4ae4d8e52a8264a85f937a329ac261025c3f3a2c4e8ffe45914bac17f16e,
9854,9585,ITA,87(5),"after May 6, 1974",start,1974-05-06,,day,exact,msgbatch_01MAMQYzwFgpXmFNT65qsCPu,105e4ae4d8e52a8264a85f937a329ac261025c3f3a2c4e8ffe45914bac17f16e,
9861,9585,ITA,87(6),"after May 6, 1974",start,1974-05-06,,day,exact,msgbatch_01MAMQYzwFgpXmFNT65qsCPu,105e4ae4d8e52a8264a85f937a329ac261025c3f3a2c4e8ffe45914bac17f16e,
9867,9585,ITA,87(7),"after May 6, 1974",start,1974-05-06,,day,exact,msgbatch_01MAMQYzwFgpXmFNT65qsCPu,105e4ae4d8e52a8264a85f937a329ac261025c3f3a2c4e8ffe45914bac17f16e,
9985,9984,ITA,88(1),"has been wound up after May 6, 1974",start,1974-05-06,,day,exact,msgbatch_01994ACyYJVJfcoySYAdCGaw,5d4fbebf557535ebdcf651adda9f3b9d12093e3e7b3da50aedc79177fb876a4a,
10081,9984,ITA,88(1)(d)(i)(C),"as those two provisions read immediately before November 3, 1981",end,1981-11-03,,day,exact,msgbatch_01MAMQYzwFgpXmFNT65qsCPu,105e4ae4d8e52a8264a85f937a329ac261025c3f3a2c4e8ffe45914bac17f16e,
10140,9984,ITA,88(1)(e.6),"in the case of a gift made after December 20, 2002",start,2002-12-20,,day,exact,msgbatch_01MAMQYzwFgpXmFNT65qsCPu,105e4ae4d8e52a8264a85f937a329ac261025c3f3a2c4e8ffe45914bac17f16e,
10198,9984,ITA,88(1.2),"commenced after March 31, 1977",start,1977-03-31,,day,exact,msgbatch_01994ACyYJVJfcoySYAdCGaw,5d4fbebf557535ebdcf651adda9f3b9d12093e3e7b3da50aedc79177fb876a4a,
10229,9984,ITA,88(2),has been wound up after 1978,start,,1978,year,exact,msgbatch_01MAMQYzwFgpXmFNT65qsCPu,105e4ae4d8e52a8264a85f937a329ac261025c3f3a2c4e8ffe45914bac17f16e,
10250,9984,ITA,88(2.1)(a),"on December 31, 1978",at,1978-12-31,,day,exact,msgbatch_01994ACyYJVJfcoySYAdCGaw,5d4fbebf557535ebdcf651adda9f3b9d12093e3e7b3da50aedc79177fb876a4a,
10251,9984,ITA,88(2.1)(b),disposed of by it after 1978,start,,1978,year,exact,msgbatch_01994ACyYJVJfcoySYAdCGaw,5d4fbebf557535ebdcf651adda9f3b9d12093e3e7b3da50aedc79177fb876a4a,
10251,9984,ITA,88(2.1)(b),"owned by it on December 31, 1971",at,1971-12-31,,day,exact,msgbatch_01994ACyYJVJfcoySYAdCGaw,5d4fbebf557535ebdcf651adda9f3b9d12093e3e7b3da50aedc79177fb876a4a,
10252,9984,ITA,88(2.1)(c),has been wound up after 1978,start,,1978,year,exact,msgbatch_01MAMQYzwFgpXmFNT65qsCPu,105e4ae4d8e52a8264a85f937a329ac261025c3f3a2c4e8ffe45914bac17f16e,
10253,9984,ITA,88(2.1)(d),after 1978 and before the particular time,start,,1978,year,exact,msgbatch_01MAMQYzwFgpXmFNT65qsCPu,105e4ae4d8e52a8264a85f937a329ac261025c3f3a2c4e8ffe45914bac17f16e,
10255,9984,ITA,88(2.1)(e),disposed of by it after 1978,start,,1978,year,exact,msgbatch_01994ACyYJVJfcoySYAdCGaw,5d4fbebf557535ebdcf651adda9f3b9d12093e3e7b3da50aedc79177fb876a4a,
10255,9984,ITA,88(2.1)(e),"owned by it on December 31, 1971",at,1971-12-31,,day,exact,msgbatch_01994ACyYJVJfcoySYAdCGaw,5d4fbebf557535ebdcf651adda9f3b9d12093e3e7b3da50aedc79177fb876a4a,
10256,9984,ITA,88(2.2),at a particular time after 1978,start,,1978,year,exact,msgbatch_01MAMQYzwFgpXmFNT65qsCPu,105e4ae4d8e52a8264a85f937a329ac261025c3f3a2c4e8ffe45914bac17f16e,
10258,9984,ITA,88(2.2)(a)(i),that winding-up commenced after 1978,start,,1978,year,exact,msgbatch_01MAMQYzwFgpXmFNT65qsCPu,105e4ae4d8e52a8264a85f937a329ac261025c3f3a2c4e8ffe45914bac17f16e,
10259,9984,ITA,88(2.2)(a)(ii),disposed of by the corporation after 1978,start,,1978,year,exact,msgbatch_01MAMQYzwFgpXmFNT65qsCPu,105e4ae4d8e52a8264a85f937a329ac261025c3f3a2c4e8ffe45914bac17f16e,
10260,9984,ITA,88(2.2)(a)(iii),disposed of by the corporation after 1978,start,,1978,year,exact,msgbatch_01MAMQYzwFgpXmFNT65qsCPu,105e4ae4d8e52a8264a85f937a329ac261025c3f3a2c4e8ffe45914bac17f16e,
10261,9984,ITA,88(2.2)(b),"owned a capital property on December 31, 1971",at,1971-12-31,,day,exact,msgbatch_01994ACyYJVJfcoySYAdCGaw,5d4fbebf557535ebdcf651adda9f3b9d12093e3e7b3da50aedc79177fb876a4a,
10261,9984,ITA,88(2.2)(b),"to have owned that property on December 31, 1971",at,1971-12-31,,day,exact,msgbatch_01994ACyYJVJfcoySYAdCGaw,5d4fbebf557535ebdcf651adda9f3b9d12093e3e7b3da50aedc79177fb876a4a,
10262,9984,ITA,88(2.3),acquired by a corporation before the commencement of its 1949 taxation year,end,,1949,year,exact,msgbatch_01MAMQYzwFgpXmFNT65qsCPu,105e4ae4d8e52a8264a85f937a329ac261025c3f3a2c4e8ffe45914bac17f16e,
38850,38844,ITR,1100(0.3),before 2022,end,,2022,year,exact,msgbatch_01PAmDKwYrxqTy6FGwKztARN,5d4fbebf557535ebdcf651adda9f3b9d12093e3e7b3da50aedc79177fb876a4a,
38850,38844,ITR,1100(0.3),"before April 19, 2021",end,2021-04-19,,day,exact,msgbatch_01PAmDKwYrxqTy6FGwKztARN,5d4fbebf557535ebdcf651adda9f3b9d12093e3e7b3da50aedc79177fb876a4a,
38852,38844,ITR,1100(0.3)(a)(i),"after April 18, 2021",start,2021-04-18,,day,exact,msgbatch_01MAMQYzwFgpXmFNT65qsCPu,105e4ae4d8e52a8264a85f937a329ac261025c3f3a2c4e8ffe45914bac17f16e,
38853,38844,ITR,1100(0.3)(a)(ii),"after December 31, 2021",start,2021-12-31,,day,exact,msgbatch_01MAMQYzwFgpXmFNT65qsCPu,105e4ae4d8e52a8264a85f937a329ac261025c3f3a2c4e8ffe45914bac17f16e,
38925,38844,ITR,1100(1)(b)(i),"after November 12, 1981",start,1981-11-12,,day,exact,msgbatch_016eDcdn9uNXaHf3uegqfihG,5d4fbebf557535ebdcf651adda9f3b9d12093e3e7b3da50aedc79177fb876a4a,
38926,38844,ITR,1100(1)(b)(i)(A),the capital cost of the property was incurred before 2024,end,,2024,year,exact,msgbatch_016eDcdn9uNXaHf3uegqfihG,5d4fbebf557535ebdcf651adda9f3b9d12093e3e7b3da50aedc79177fb876a4a,
38926,38844,ITR,1100(1)(b)(i)(A),the capital cost of the property was incurred before 2030,end,,2030,year,exact,msgbatch_016eDcdn9uNXaHf3uegqfihG,5d4fbebf557535ebdcf651adda9f3b9d12093e3e7b3da50aedc79177fb876a4a,
38937,38844,ITR,1100(1)(c)(i)(B)(I),if the property becomes available for use in the year and before 2024,step_down,,2024,year,exact,msgbatch_01PAmDKwYrxqTy6FGwKztARN,5d4fbebf557535ebdcf651adda9f3b9d12093e3e7b3da50aedc79177fb876a4a,
38938,38844,ITR,1100(1)(c)(i)(B)(II),"0.25, if the property becomes available for use in the year and after 2023",step_down,,2023,year,exact,msgbatch_01PAmDKwYrxqTy6FGwKztARN,5d4fbebf557535ebdcf651adda9f3b9d12093e3e7b3da50aedc79177fb876a4a,
38940,38844,ITR,1100(1)(c)(i)(C)(I),"0.5, if the property becomes available for use in the year and before 2030",step_down,,2030,year,exact,msgbatch_01PAmDKwYrxqTy6FGwKztARN,5d4fbebf557535ebdcf651adda9f3b9d12093e3e7b3da50aedc79177fb876a4a,
38941,38844,ITR,1100(1)(c)(i)(C)(II),"0.25, if the property becomes available for use in the year and after 2029",step_down,,2029,year,exact,msgbatch_01PAmDKwYrxqTy6FGwKztARN,5d4fbebf557535ebdcf651adda9f3b9d12093e3e7b3da50aedc79177fb876a4a,
38944,38844,ITR,1100(1)(c.1),for a taxation year that ends before 2027,end,,2027,year,exact,msgbatch_016eDcdn9uNXaHf3uegqfihG,5d4fbebf557535ebdcf651adda9f3b9d12093e3e7b3da50aedc79177fb876a4a,
38945,38844,ITR,1100(1)(c.1)(i),at the beginning of 2017,at,,2017,year,exact,msgbatch_01994ACyYJVJfcoySYAdCGaw,5d4fbebf557535ebdcf651adda9f3b9d12093e3e7b3da50aedc79177fb876a4a,
39004,38844,ITR,1100(1)(sb)(ii),"after April 1, 1972",start,1972-04-01,,day,exact,msgbatch_01MAMQYzwFgpXmFNT65qsCPu,105e4ae4d8e52a8264a85f937a329ac261025c3f3a2c4e8ffe45914bac17f16e,
39004,38844,ITR,1100(1)(sb)(ii),"before August 1, 1974",end,1974-08-01,,day,exact,msgbatch_01MAMQYzwFgpXmFNT65qsCPu,105e4ae4d8e52a8264a85f937a329ac261025c3f3a2c4e8ffe45914bac17f16e,
39012,38844,ITR,1100(1)(t),"for the taxation year that includes November 12, 1981",at,1981-11-12,,day,exact,msgbatch_016eDcdn9uNXaHf3uegqfihG,5d4fbebf557535ebdcf651adda9f3b9d12093e3e7b3da50aedc79177fb876a4a,
39015,38844,ITR,1100(1)(t)(i)(B),"acquired after November 12, 1981",start,1981-11-12,,day,exact,msgbatch_01994ACyYJVJfcoySYAdCGaw,5d4fbebf557535ebdcf651adda9f3b9d12093e3e7b3da50aedc79177fb876a4a,
39020,38844,ITR,1100(1)(ta),"for taxation years commencing after November 12, 1981",start,1981-11-12,,day,exact,msgbatch_01MAMQYzwFgpXmFNT65qsCPu,105e4ae4d8e52a8264a85f937a329ac261025c3f3a2c4e8ffe45914bac17f16e,
39037,38844,ITR,1100(1)(ta)(iii),"acquired by him before November 13, 1981",end,1981-11-13,,day,exact,msgbatch_01MAMQYzwFgpXmFNT65qsCPu,105e4ae4d8e52a8264a85f937a329ac261025c3f3a2c4e8ffe45914bac17f16e,
39051,38844,ITR,1100(1)(v)(iv)(A),a reaccelerated investment incentive property acquired in the year and before 2030,step_down,,2030,year,exact,msgbatch_01994ACyYJVJfcoySYAdCGaw,5d4fbebf557535ebdcf651adda9f3b9d12093e3e7b3da50aedc79177fb876a4a,
39051,38844,ITR,1100(1)(v)(iv)(A),an accelerated investment incentive property acquired in the year and before 2024,step_down,,2024,year,exact,msgbatch_01994ACyYJVJfcoySYAdCGaw,5d4fbebf557535ebdcf651adda9f3b9d12093e3e7b3da50aedc79177fb876a4a,
39073,38844,ITR,1100(1)(y.1)~f1,"0%, if one or more days in the year are after 2014",step_down,,2014,year,exact,msgbatch_01994ACyYJVJfcoySYAdCGaw,5d4fbebf557535ebdcf651adda9f3b9d12093e3e7b3da50aedc79177fb876a4a,
39073,38844,ITR,1100(1)(y.1)~f1,that proportion of 100% that the number of days in the taxation year that are before 2011 is of the number of days in the taxation year,step_down,,2011,year,exact,msgbatch_01994ACyYJVJfcoySYAdCGaw,5d4fbebf557535ebdcf651adda9f3b9d12093e3e7b3da50aedc79177fb876a4a,
39073,38844,ITR,1100(1)(y.1)~f1,that proportion of 30% that the number of days in the taxation year that are in 2014 is of the number of days in the taxation year,step_down,,2014,year,exact,msgbatch_01994ACyYJVJfcoySYAdCGaw,5d4fbebf557535ebdcf651adda9f3b9d12093e3e7b3da50aedc79177fb876a4a,
39073,38844,ITR,1100(1)(y.1)~f1,that proportion of 60% that the number of days in the taxation year that are in 2013 is of the number of days in the taxation year,step_down,,2013,year,exact,msgbatch_01994ACyYJVJfcoySYAdCGaw,5d4fbebf557535ebdcf651adda9f3b9d12093e3e7b3da50aedc79177fb876a4a,
39073,38844,ITR,1100(1)(y.1)~f1,that proportion of 80% that the number of days in the taxation year that are in 2012 is of the number of days in the taxation year,step_down,,2012,year,exact,msgbatch_01994ACyYJVJfcoySYAdCGaw,5d4fbebf557535ebdcf651adda9f3b9d12093e3e7b3da50aedc79177fb876a4a,
39073,38844,ITR,1100(1)(y.1)~f1,that proportion of 90% that the number of days in the taxation year that are in 2011 is of the number of days in the taxation year,step_down,,2011,year,exact,msgbatch_01994ACyYJVJfcoySYAdCGaw,5d4fbebf557535ebdcf651adda9f3b9d12093e3e7b3da50aedc79177fb876a4a,
39076,38844,ITR,1100(1)(y.2)~f1,"0%, if one or more days in the year are after 2020",step_down,,2020,year,exact,msgbatch_01994ACyYJVJfcoySYAdCGaw,5d4fbebf557535ebdcf651adda9f3b9d12093e3e7b3da50aedc79177fb876a4a,
39076,38844,ITR,1100(1)(y.2)~f1,that proportion of 100% that the number of days in the year that are before 2017 is of the number of days in the year,step_down,,2017,year,exact,msgbatch_01994ACyYJVJfcoySYAdCGaw,5d4fbebf557535ebdcf651adda9f3b9d12093e3e7b3da50aedc79177fb876a4a,
39076,38844,ITR,1100(1)(y.2)~f1,that proportion of 30% that the number of days in the year that are in 2020 is of the number of days in the year,step_down,,2020,year,exact,msgbatch_01994ACyYJVJfcoySYAdCGaw,5d4fbebf557535ebdcf651adda9f3b9d12093e3e7b3da50aedc79177fb876a4a,
39076,38844,ITR,1100(1)(y.2)~f1,that proportion of 60% that the number of days in the year that are in 2019 is of the number of days in the year,step_down,,2019,year,exact,msgbatch_01994ACyYJVJfcoySYAdCGaw,5d4fbebf557535ebdcf651adda9f3b9d12093e3e7b3da50aedc79177fb876a4a,
39076,38844,ITR,1100(1)(y.2)~f1,that proportion of 80% that the number of days in the year that are in 2018 is of the number of days in the year,step_down,,2018,year,exact,msgbatch_01994ACyYJVJfcoySYAdCGaw,5d4fbebf557535ebdcf651adda9f3b9d12093e3e7b3da50aedc79177fb876a4a,
39076,38844,ITR,1100(1)(y.2)~f1,that proportion of 90% that the number of days in the year that are in 2017 is of the number of days in the year,step_down,,2017,year,exact,msgbatch_01994ACyYJVJfcoySYAdCGaw,5d4fbebf557535ebdcf651adda9f3b9d12093e3e7b3da50aedc79177fb876a4a,
39082,38844,ITR,1100(1)(ya.1)~f1,"0%, if one or more days in the year are after 2014",step_down,,2014,year,exact,msgbatch_01994ACyYJVJfcoySYAdCGaw,5d4fbebf557535ebdcf651adda9f3b9d12093e3e7b3da50aedc79177fb876a4a,
39082,38844,ITR,1100(1)(ya.1)~f1,that proportion of 100% that the number of days in the taxation year that are before 2011 is of the number of days in the taxation year,step_down,,2011,year,exact,msgbatch_01994ACyYJVJfcoySYAdCGaw,5d4fbebf557535ebdcf651adda9f3b9d12093e3e7b3da50aedc79177fb876a4a,
39082,38844,ITR,1100(1)(ya.1)~f1,that proportion of 30% that the number of days in the taxation year that are in 2014 is of the number of days in the taxation year,step_down,,2014,year,exact,msgbatch_01994ACyYJVJfcoySYAdCGaw,5d4fbebf557535ebdcf651adda9f3b9d12093e3e7b3da50aedc79177fb876a4a,
39082,38844,ITR,1100(1)(ya.1)~f1,that proportion of 60% that the number of days in the taxation year that are in 2013 is of the number of days in the taxation year,step_down,,2013,year,exact,msgbatch_01994ACyYJVJfcoySYAdCGaw,5d4fbebf557535ebdcf651adda9f3b9d12093e3e7b3da50aedc79177fb876a4a,
39082,38844,ITR,1100(1)(ya.1)~f1,that proportion of 80% that the number of days in the taxation year that are in 2012 is of the number of days in the taxation year,step_down,,2012,year,exact,msgbatch_01994ACyYJVJfcoySYAdCGaw,5d4fbebf557535ebdcf651adda9f3b9d12093e3e7b3da50aedc79177fb876a4a,
39082,38844,ITR,1100(1)(ya.1)~f1,that proportion of 90% that the number of days in the taxation year that are in 2011 is of the number of days in the taxation year,step_down,,2011,year,exact,msgbatch_01994ACyYJVJfcoySYAdCGaw,5d4fbebf557535ebdcf651adda9f3b9d12093e3e7b3da50aedc79177fb876a4a,
39085,38844,ITR,1100(1)(ya.2)~f1,"0%, if one or more days in the year are after 2020",step_down,,2020,year,exact,msgbatch_01994ACyYJVJfcoySYAdCGaw,5d4fbebf557535ebdcf651adda9f3b9d12093e3e7b3da50aedc79177fb876a4a,
39085,38844,ITR,1100(1)(ya.2)~f1,that proportion of 100% that the number of days in the year that are before 2017 is of the number of days in the year,step_down,,2017,year,exact,msgbatch_01994ACyYJVJfcoySYAdCGaw,5d4fbebf557535ebdcf651adda9f3b9d12093e3e7b3da50aedc79177fb876a4a,
39085,38844,ITR,1100(1)(ya.2)~f1,that proportion of 30% that the number of days in the year that are in 2020 is of the number of days in the year,step_down,,2020,year,exact,msgbatch_01994ACyYJVJfcoySYAdCGaw,5d4fbebf557535ebdcf651adda9f3b9d12093e3e7b3da50aedc79177fb876a4a,
39085,38844,ITR,1100(1)(ya.2)~f1,that proportion of 60% that the number of days in the year that are in 2019 is of the number of days in the year,step_down,,2019,year,exact,msgbatch_01994ACyYJVJfcoySYAdCGaw,5d4fbebf557535ebdcf651adda9f3b9d12093e3e7b3da50aedc79177fb876a4a,
39085,38844,ITR,1100(1)(ya.2)~f1,that proportion of 80% that the number of days in the year that are in 2018 is of the number of days in the year,step_down,,2018,year,exact,msgbatch_01994ACyYJVJfcoySYAdCGaw,5d4fbebf557535ebdcf651adda9f3b9d12093e3e7b3da50aedc79177fb876a4a,
39085,38844,ITR,1100(1)(ya.2)~f1,that proportion of 90% that the number of days in the year that are in 2017 is of the number of days in the year,step_down,,2017,year,exact,msgbatch_01994ACyYJVJfcoySYAdCGaw,5d4fbebf557535ebdcf651adda9f3b9d12093e3e7b3da50aedc79177fb876a4a,
39118,38844,ITR,1100(1)(zc)(iii),"after April 10, 1978",start,1978-04-10,,day,exact,msgbatch_01MAMQYzwFgpXmFNT65qsCPu,105e4ae4d8e52a8264a85f937a329ac261025c3f3a2c4e8ffe45914bac17f16e,
39118,38844,ITR,1100(1)(zc)(iii),before 1988,end,,1988,year,exact,msgbatch_01MAMQYzwFgpXmFNT65qsCPu,105e4ae4d8e52a8264a85f937a329ac261025c3f3a2c4e8ffe45914bac17f16e,
39125,38844,ITR,1100(1)(zd)(i),that are after 1987,start,,1987,year,exact,msgbatch_01994ACyYJVJfcoySYAdCGaw,5d4fbebf557535ebdcf651adda9f3b9d12093e3e7b3da50aedc79177fb876a4a,
39125,38844,ITR,1100(1)(zd)(i),that are in 1988,step_down,,1988,year,exact,msgbatch_01994ACyYJVJfcoySYAdCGaw,5d4fbebf557535ebdcf651adda9f3b9d12093e3e7b3da50aedc79177fb876a4a,
39126,38844,ITR,1100(1)(zd)(ii),that proportion of 35 per cent that the number of days in the taxation year that are in 1989,step_down,,1989,year,exact,msgbatch_01994ACyYJVJfcoySYAdCGaw,5d4fbebf557535ebdcf651adda9f3b9d12093e3e7b3da50aedc79177fb876a4a,
39127,38844,ITR,1100(1)(zd)(iii),that proportion of 30 per cent that the number of days in the taxation year that are after 1989,step_down,,1989,year,exact,msgbatch_01994ACyYJVJfcoySYAdCGaw,5d4fbebf557535ebdcf651adda9f3b9d12093e3e7b3da50aedc79177fb876a4a,
39131,38844,ITR,1100(1)(ze)~f1,"after 2033, 0%",step_down,,2033,year,exact,msgbatch_01994ACyYJVJfcoySYAdCGaw,5d4fbebf557535ebdcf651adda9f3b9d12093e3e7b3da50aedc79177fb876a4a,
39131,38844,ITR,1100(1)(ze)~f1,"before 2030, 100%",step_down,,2030,year,exact,msgbatch_01994ACyYJVJfcoySYAdCGaw,5d4fbebf557535ebdcf651adda9f3b9d12093e3e7b3da50aedc79177fb876a4a,
39131,38844,ITR,1100(1)(ze)~f1,"in 2030 or 2031, 75%",step_down,,2030,year,exact,msgbatch_01994ACyYJVJfcoySYAdCGaw,5d4fbebf557535ebdcf651adda9f3b9d12093e3e7b3da50aedc79177fb876a4a,
39131,38844,ITR,1100(1)(ze)~f1,"in 2030 or 2031, 75%",step_down,,2031,year,exact,msgbatch_01994ACyYJVJfcoySYAdCGaw,5d4fbebf557535ebdcf651adda9f3b9d12093e3e7b3da50aedc79177fb876a4a,
39131,38844,ITR,1100(1)(ze)~f1,"in 2032 or 2033, 55%",step_down,,2032,year,exact,msgbatch_01994ACyYJVJfcoySYAdCGaw,5d4fbebf557535ebdcf651adda9f3b9d12093e3e7b3da50aedc79177fb876a4a,
39131,38844,ITR,1100(1)(ze)~f1,"in 2032 or 2033, 55%",step_down,,2033,year,exact,msgbatch_01994ACyYJVJfcoySYAdCGaw,5d4fbebf557535ebdcf651adda9f3b9d12093e3e7b3da50aedc79177fb876a4a,
39389,38844,ITR,1100(18)(a),"acquired before May 26, 1976",end,1976-05-26,,day,exact,msgbatch_01MAMQYzwFgpXmFNT65qsCPu,105e4ae4d8e52a8264a85f937a329ac261025c3f3a2c4e8ffe45914bac17f16e,
39389,38844,ITR,1100(18)(a),"entered into before May 26, 1976",end,1976-05-26,,day,exact,msgbatch_01MAMQYzwFgpXmFNT65qsCPu,105e4ae4d8e52a8264a85f937a329ac261025c3f3a2c4e8ffe45914bac17f16e,
39390,38844,ITR,1100(18)(b),"commenced by the taxpayer or the partnership before May 26, 1976",end,1976-05-26,,day,exact,msgbatch_01MAMQYzwFgpXmFNT65qsCPu,105e4ae4d8e52a8264a85f937a329ac261025c3f3a2c4e8ffe45914bac17f16e,
39390,38844,ITR,1100(18)(b),"commenced under an agreement in writing entered into by the taxpayer or the partnership before May 26, 1976",end,1976-05-26,,day,exact,msgbatch_01MAMQYzwFgpXmFNT65qsCPu,105e4ae4d8e52a8264a85f937a329ac261025c3f3a2c4e8ffe45914bac17f16e,
39391,38844,ITR,1100(18)(c),"acquired on or before December 31, 1976",end,1976-12-31,,day,exact,msgbatch_01MAMQYzwFgpXmFNT65qsCPu,105e4ae4d8e52a8264a85f937a329ac261025c3f3a2c4e8ffe45914bac17f16e,
39391,38844,ITR,1100(18)(c),"entered into on or before December 31, 1976",end,1976-12-31,,day,exact,msgbatch_01MAMQYzwFgpXmFNT65qsCPu,105e4ae4d8e52a8264a85f937a329ac261025c3f3a2c4e8ffe45914bac17f16e,
39392,38844,ITR,1100(18)(c)(i),"had been substantially advanced before May 26, 1976",end,1976-05-26,,day,exact,msgbatch_01MAMQYzwFgpXmFNT65qsCPu,105e4ae4d8e52a8264a85f937a329ac261025c3f3a2c4e8ffe45914bac17f16e,
39393,38844,ITR,1100(18)(c)(ii),"had before May 26, 1976 demonstrated",end,1976-05-26,,day,exact,msgbatch_01MAMQYzwFgpXmFNT65qsCPu,105e4ae4d8e52a8264a85f937a329ac261025c3f3a2c4e8ffe45914bac17f16e,
39217,38844,ITR,1100(2)~f1,"1 1/2, for property included in Class 43 that became available for use by the taxpayer in 2030 or 2031",step_down,,2030,year,exact,msgbatch_01PAmDKwYrxqTy6FGwKztARN,5d4fbebf557535ebdcf651adda9f3b9d12093e3e7b3da50aedc79177fb876a4a,
39217,38844,ITR,1100(2)~f1,"1 1/2, for property included in Class 43 that became available for use by the taxpayer in 2030 or 2031",step_down,,2031,year,exact,msgbatch_01PAmDKwYrxqTy6FGwKztARN,5d4fbebf557535ebdcf651adda9f3b9d12093e3e7b3da50aedc79177fb876a4a,
39217,38844,ITR,1100(2)~f1,"1 1/2, for property that became available for use by the taxpayer before 2024",step_down,,2024,year,exact,msgbatch_01PAmDKwYrxqTy6FGwKztARN,5d4fbebf557535ebdcf651adda9f3b9d12093e3e7b3da50aedc79177fb876a4a,
39217,38844,ITR,1100(2)~f1,"1 1/2, for property that became available for use by the taxpayer before 2030",step_down,,2030,year,exact,msgbatch_01PAmDKwYrxqTy6FGwKztARN,5d4fbebf557535ebdcf651adda9f3b9d12093e3e7b3da50aedc79177fb876a4a,
39217,38844,ITR,1100(2)~f1,"1 1/2, for property that became available for use by the taxpayer in 2024 or 2025",step_down,,2024,year,exact,msgbatch_01PAmDKwYrxqTy6FGwKztARN,5d4fbebf557535ebdcf651adda9f3b9d12093e3e7b3da50aedc79177fb876a4a,
39217,38844,ITR,1100(2)~f1,"1 1/2, for property that became available for use by the taxpayer in 2024 or 2025",step_down,,2025,year,exact,msgbatch_01PAmDKwYrxqTy6FGwKztARN,5d4fbebf557535ebdcf651adda9f3b9d12093e3e7b3da50aedc79177fb876a4a,
39217,38844,ITR,1100(2)~f1,"1 1/2, for property that became available for use by the taxpayer in 2030 or 2031",step_down,,2030,year,exact,msgbatch_01PAmDKwYrxqTy6FGwKztARN,5d4fbebf557535ebdcf651adda9f3b9d12093e3e7b3da50aedc79177fb876a4a,
39217,38844,ITR,1100(2)~f1,"1 1/2, for property that became available for use by the taxpayer in 2030 or 2031",step_down,,2031,year,exact,msgbatch_01PAmDKwYrxqTy6FGwKztARN,5d4fbebf557535ebdcf651adda9f3b9d12093e3e7b3da50aedc79177fb876a4a,
39217,38844,ITR,1100(2)~f1,"1, for property that became available for use by the taxpayer before 2024",step_down,,2024,year,exact,msgbatch_01PAmDKwYrxqTy6FGwKztARN,5d4fbebf557535ebdcf651adda9f3b9d12093e3e7b3da50aedc79177fb876a4a,
39217,38844,ITR,1100(2)~f1,"1/10, for property included in Class 53 that became available for use by the taxpayer after 2025",step_down,,2025,year,exact,msgbatch_01PAmDKwYrxqTy6FGwKztARN,5d4fbebf557535ebdcf651adda9f3b9d12093e3e7b3da50aedc79177fb876a4a,
39217,38844,ITR,1100(2)~f1,"1/10, for property that became available for use by the taxpayer after 2025",step_down,,2025,year,exact,msgbatch_01PAmDKwYrxqTy6FGwKztARN,5d4fbebf557535ebdcf651adda9f3b9d12093e3e7b3da50aedc79177fb876a4a,
39217,38844,ITR,1100(2)~f1,"1/2, for property that became available for use by the taxpayer before 2024",step_down,,2024,year,exact,msgbatch_01PAmDKwYrxqTy6FGwKztARN,5d4fbebf557535ebdcf651adda9f3b9d12093e3e7b3da50aedc79177fb876a4a,
39217,38844,ITR,1100(2)~f1,"1/2, for property that became available for use by the taxpayer before 2030",step_down,,2030,year,exact,msgbatch_01PAmDKwYrxqTy6FGwKztARN,5d4fbebf557535ebdcf651adda9f3b9d12093e3e7b3da50aedc79177fb876a4a,
39217,38844,ITR,1100(2)~f1,"1/2, for property that became available for use by the taxpayer in 2024 or 2025",step_down,,2024,year,exact,msgbatch_01PAmDKwYrxqTy6FGwKztARN,5d4fbebf557535ebdcf651adda9f3b9d12093e3e7b3da50aedc79177fb876a4a,
39217,38844,ITR,1100(2)~f1,"1/2, for property that became available for use by the taxpayer in 2024 or 2025",step_down,,2025,year,exact,msgbatch_01PAmDKwYrxqTy6FGwKztARN,5d4fbebf557535ebdcf651adda9f3b9d12093e3e7b3da50aedc79177fb876a4a,
39217,38844,ITR,1100(2)~f1,"2 1/3, for property included in Class 43 that became available for use by the taxpayer before 2030",step_down,,2030,year,exact,msgbatch_01PAmDKwYrxqTy6FGwKztARN,5d4fbebf557535ebdcf651adda9f3b9d12093e3e7b3da50aedc79177fb876a4a,
39217,38844,ITR,1100(2)~f1,"2 1/3, for property that became available for use by the taxpayer before 2024",step_down,,2024,year,exact,msgbatch_01PAmDKwYrxqTy6FGwKztARN,5d4fbebf557535ebdcf651adda9f3b9d12093e3e7b3da50aedc79177fb876a4a,
39217,38844,ITR,1100(2)~f1,"2 1/3, for property that became available for use by the taxpayer before 2027",step_down,,2027,year,exact,msgbatch_01PAmDKwYrxqTy6FGwKztARN,5d4fbebf557535ebdcf651adda9f3b9d12093e3e7b3da50aedc79177fb876a4a,
39217,38844,ITR,1100(2)~f1,"2 1/3, for property that became available for use by the taxpayer before 2030",step_down,,2030,year,exact,msgbatch_01PAmDKwYrxqTy6FGwKztARN,5d4fbebf557535ebdcf651adda9f3b9d12093e3e7b3da50aedc79177fb876a4a,
39217,38844,ITR,1100(2)~f1,"2 1/3, for property that was acquired and became available for use by the taxpayer after April 15, 2024 and before 2027",step_down,2024-04-15,,day,exact,msgbatch_01PAmDKwYrxqTy6FGwKztARN,5d4fbebf557535ebdcf651adda9f3b9d12093e3e7b3da50aedc79177fb876a4a,
39217,38844,ITR,1100(2)~f1,"2 1/3, for property that was acquired and became available for use by the taxpayer after April 15, 2024 and before 2027",step_down,,2027,year,exact,msgbatch_01PAmDKwYrxqTy6FGwKztARN,5d4fbebf557535ebdcf651adda9f3b9d12093e3e7b3da50aedc79177fb876a4a,
39217,38844,ITR,1100(2)~f1,"3, for property that became available for use by the taxpayer before 2027",step_down,,2027,year,exact,msgbatch_01PAmDKwYrxqTy6FGwKztARN,5d4fbebf557535ebdcf651adda9f3b9d12093e3e7b3da50aedc79177fb876a4a,
39217,38844,ITR,1100(2)~f1,"3, for property that was acquired and became available for use by the taxpayer after April 15, 2024 and before 2027",step_down,2024-04-15,,day,exact,msgbatch_01PAmDKwYrxqTy6FGwKztARN,5d4fbebf557535ebdcf651adda9f3b9d12093e3e7b3da50aedc79177fb876a4a,
39217,38844,ITR,1100(2)~f1,"3, for property that was acquired and became available for use by the taxpayer after April 15, 2024 and before 2027",step_down,,2027,year,exact,msgbatch_01PAmDKwYrxqTy6FGwKztARN,5d4fbebf557535ebdcf651adda9f3b9d12093e3e7b3da50aedc79177fb876a4a,
39217,38844,ITR,1100(2)~f1,"3/8, for property that became available for use by the taxpayer after 2025",step_down,,2025,year,exact,msgbatch_01PAmDKwYrxqTy6FGwKztARN,5d4fbebf557535ebdcf651adda9f3b9d12093e3e7b3da50aedc79177fb876a4a,
39217,38844,ITR,1100(2)~f1,"3/8, for property that became available for use by the taxpayer after 2031",step_down,,2031,year,exact,msgbatch_01PAmDKwYrxqTy6FGwKztARN,5d4fbebf557535ebdcf651adda9f3b9d12093e3e7b3da50aedc79177fb876a4a,
39217,38844,ITR,1100(2)~f1,"5/6, for property included in Class 43 that became available for use by the taxpayer after 2025",step_down,,2025,year,exact,msgbatch_01PAmDKwYrxqTy6FGwKztARN,5d4fbebf557535ebdcf651adda9f3b9d12093e3e7b3da50aedc79177fb876a4a,
39217,38844,ITR,1100(2)~f1,"5/6, for property included in Class 43 that became available for use by the taxpayer after 2031",step_down,,2031,year,exact,msgbatch_01PAmDKwYrxqTy6FGwKztARN,5d4fbebf557535ebdcf651adda9f3b9d12093e3e7b3da50aedc79177fb876a4a,
39217,38844,ITR,1100(2)~f1,"5/6, for property that became available for use by the taxpayer after 2025",step_down,,2025,year,exact,msgbatch_01PAmDKwYrxqTy6FGwKztARN,5d4fbebf557535ebdcf651adda9f3b9d12093e3e7b3da50aedc79177fb876a4a,
39217,38844,ITR,1100(2)~f1,"5/6, for property that became available for use by the taxpayer after 2031",step_down,,2031,year,exact,msgbatch_01PAmDKwYrxqTy6FGwKztARN,5d4fbebf557535ebdcf651adda9f3b9d12093e3e7b3da50aedc79177fb876a4a,
39217,38844,ITR,1100(2)~f1,"7/8, for property that became available for use by the taxpayer in 2024 or 2025",step_down,,2024,year,exact,msgbatch_01PAmDKwYrxqTy6FGwKztARN,5d4fbebf557535ebdcf651adda9f3b9d12093e3e7b3da50aedc79177fb876a4a,
39217,38844,ITR,1100(2)~f1,"7/8, for property that became available for use by the taxpayer in 2024 or 2025",step_down,,2025,year,exact,msgbatch_01PAmDKwYrxqTy6FGwKztARN,5d4fbebf557535ebdcf651adda9f3b9d12093e3e7b3da50aedc79177fb876a4a,
39217,38844,ITR,1100(2)~f1,"7/8, for property that became available for use by the taxpayer in 2030 or 2031",step_down,,2030,year,exact,msgbatch_01PAmDKwYrxqTy6FGwKztARN,5d4fbebf557535ebdcf651adda9f3b9d12093e3e7b3da50aedc79177fb876a4a,
39217,38844,ITR,1100(2)~f1,"7/8, for property that became available for use by the taxpayer in 2030 or 2031",step_down,,2031,year,exact,msgbatch_01PAmDKwYrxqTy6FGwKztARN,5d4fbebf557535ebdcf651adda9f3b9d12093e3e7b3da50aedc79177fb876a4a,
39217,38844,ITR,1100(2)~f1,"9/11, for property that became available for use by the taxpayer before 2027",step_down,,2027,year,exact,msgbatch_01PAmDKwYrxqTy6FGwKztARN,5d4fbebf557535ebdcf651adda9f3b9d12093e3e7b3da50aedc79177fb876a4a,
39217,38844,ITR,1100(2)~f1,"9/11, for property that was acquired and became available for use by the taxpayer after April 15, 2024 and before 2027",step_down,2024-04-15,,day,exact,msgbatch_01PAmDKwYrxqTy6FGwKztARN,5d4fbebf557535ebdcf651adda9f3b9d12093e3e7b3da50aedc79177fb876a4a,
39217,38844,ITR,1100(2)~f1,"9/11, for property that was acquired and became available for use by the taxpayer after April 15, 2024 and before 2027",step_down,,2027,year,exact,msgbatch_01PAmDKwYrxqTy6FGwKztARN,5d4fbebf557535ebdcf651adda9f3b9d12093e3e7b3da50aedc79177fb876a4a,
39217,38844,ITR,1100(2)~f1,for property acquired after 2025,start,,2025,year,exact,msgbatch_01PAmDKwYrxqTy6FGwKztARN,5d4fbebf557535ebdcf651adda9f3b9d12093e3e7b3da50aedc79177fb876a4a,
39217,38844,ITR,1100(2)~f1,"nil, for property that became available for use by the taxpayer after 2023 (other than property referred to in any of paragraphs (c.1) to (c.3))",step_down,,2023,year,exact,msgbatch_01PAmDKwYrxqTy6FGwKztARN,5d4fbebf557535ebdcf651adda9f3b9d12093e3e7b3da50aedc79177fb876a4a,
39217,38844,ITR,1100(2)~f1,"nil, for property that became available for use by the taxpayer after 2026",step_down,,2026,year,exact,msgbatch_01PAmDKwYrxqTy6FGwKztARN,5d4fbebf557535ebdcf651adda9f3b9d12093e3e7b3da50aedc79177fb876a4a,
39217,38844,ITR,1100(2)~f1,"nil, for property that became available for use by the taxpayer after 2029",step_down,,2029,year,exact,msgbatch_01PAmDKwYrxqTy6FGwKztARN,5d4fbebf557535ebdcf651adda9f3b9d12093e3e7b3da50aedc79177fb876a4a,
39217,38844,ITR,1100(2)~f1,property acquired after 2024 that is included in any of Classes 54 to 56,start,,2024,year,exact,msgbatch_01PAmDKwYrxqTy6FGwKztARN,5d4fbebf557535ebdcf651adda9f3b9d12093e3e7b3da50aedc79177fb876a4a,
39217,38844,ITR,1100(2)~f1,property acquired after 2024 that is included in any of classes 54 to 56,start,,2024,year,exact,msgbatch_01PAmDKwYrxqTy6FGwKztARN,5d4fbebf557535ebdcf651adda9f3b9d12093e3e7b3da50aedc79177fb876a4a,
39217,38844,ITR,1100(2)~f1,property acquired before 2025 that is included in any of Classes 54 to 56,end,,2025,year,exact,msgbatch_01PAmDKwYrxqTy6FGwKztARN,5d4fbebf557535ebdcf651adda9f3b9d12093e3e7b3da50aedc79177fb876a4a,
39219,38844,ITR,1100(2.01)(a),a taxation year begins in 2023,start,,2023,year,exact,msgbatch_01MAMQYzwFgpXmFNT65qsCPu,105e4ae4d8e52a8264a85f937a329ac261025c3f3a2c4e8ffe45914bac17f16e,
39219,38844,ITR,1100(2.01)(a),ends in 2024,end,,2024,year,exact,msgbatch_01MAMQYzwFgpXmFNT65qsCPu,105e4ae4d8e52a8264a85f937a329ac261025c3f3a2c4e8ffe45914bac17f16e,
39221,38844,ITR,1100(2.01)(b),if a taxation year begins in 2025 and ends in 2026,start,,2025,year,exact,msgbatch_01MAMQYzwFgpXmFNT65qsCPu,105e4ae4d8e52a8264a85f937a329ac261025c3f3a2c4e8ffe45914bac17f16e,
39221,38844,ITR,1100(2.01)(b),if a taxation year begins in 2025 and ends in 2026,end,,2026,year,exact,msgbatch_01MAMQYzwFgpXmFNT65qsCPu,105e4ae4d8e52a8264a85f937a329ac261025c3f3a2c4e8ffe45914bac17f16e,
39222,38844,ITR,1100(2.01)(b)~f1,the factor otherwise determined for A in subsection (2) for 2025,step_down,,2025,year,exact,msgbatch_01MAMQYzwFgpXmFNT65qsCPu,105e4ae4d8e52a8264a85f937a329ac261025c3f3a2c4e8ffe45914bac17f16e,
39222,38844,ITR,1100(2.01)(b)~f1,the factor otherwise determined for A in subsection (2) for 2026,step_down,,2026,year,exact,msgbatch_01MAMQYzwFgpXmFNT65qsCPu,105e4ae4d8e52a8264a85f937a329ac261025c3f3a2c4e8ffe45914bac17f16e,
39224,38844,ITR,1100(2.011)(a),ends in 2030,end,,2030,year,exact,msgbatch_01MAMQYzwFgpXmFNT65qsCPu,105e4ae4d8e52a8264a85f937a329ac261025c3f3a2c4e8ffe45914bac17f16e,
39224,38844,ITR,1100(2.011)(a),if a taxation year begins in 2029,start,,2029,year,exact,msgbatch_01MAMQYzwFgpXmFNT65qsCPu,105e4ae4d8e52a8264a85f937a329ac261025c3f3a2c4e8ffe45914bac17f16e,
39226,38844,ITR,1100(2.011)(b),if a taxation year begins in 2026 and ends in 2027,start,,2026,year,exact,msgbatch_01MAMQYzwFgpXmFNT65qsCPu,105e4ae4d8e52a8264a85f937a329ac261025c3f3a2c4e8ffe45914bac17f16e,
39226,38844,ITR,1100(2.011)(b),if a taxation year begins in 2026 and ends in 2027,end,,2027,year,exact,msgbatch_01MAMQYzwFgpXmFNT65qsCPu,105e4ae4d8e52a8264a85f937a329ac261025c3f3a2c4e8ffe45914bac17f16e,
39228,38844,ITR,1100(2.011)(c),a taxation year begins in 2031,start,,2031,year,exact,msgbatch_01MAMQYzwFgpXmFNT65qsCPu,105e4ae4d8e52a8264a85f937a329ac261025c3f3a2c4e8ffe45914bac17f16e,
39228,38844,ITR,1100(2.011)(c),ends in 2032,end,,2032,year,exact,msgbatch_01MAMQYzwFgpXmFNT65qsCPu,105e4ae4d8e52a8264a85f937a329ac261025c3f3a2c4e8ffe45914bac17f16e,
39232,38844,ITR,1100(2.02)(a)(i),"if the amounts are incurred before November 21, 2018",end,2018-11-21,,day,exact,msgbatch_01MAMQYzwFgpXmFNT65qsCPu,105e4ae4d8e52a8264a85f937a329ac261025c3f3a2c4e8ffe45914bac17f16e,
39233,38844,ITR,1100(2.02)(a)(i)(A),"acquired after November 20, 2018",start,2018-11-20,,day,exact,msgbatch_01MAMQYzwFgpXmFNT65qsCPu,105e4ae4d8e52a8264a85f937a329ac261025c3f3a2c4e8ffe45914bac17f16e,
39240,38844,ITR,1100(2.02)(a)(ii),"if the amounts are incurred after November 20, 2018",start,2018-11-20,,day,exact,msgbatch_01MAMQYzwFgpXmFNT65qsCPu,105e4ae4d8e52a8264a85f937a329ac261025c3f3a2c4e8ffe45914bac17f16e,
39244,38844,ITR,1100(2.021)(a)(i),if the amounts are incurred before 2025,end,,2025,year,exact,msgbatch_01MAMQYzwFgpXmFNT65qsCPu,105e4ae4d8e52a8264a85f937a329ac261025c3f3a2c4e8ffe45914bac17f16e,
39245,38844,ITR,1100(2.021)(a)(i)(A),the property was acquired after 2024,start,,2024,year,exact,msgbatch_01MAMQYzwFgpXmFNT65qsCPu,105e4ae4d8e52a8264a85f937a329ac261025c3f3a2c4e8ffe45914bac17f16e,
39252,38844,ITR,1100(2.021)(a)(ii),if the amounts are incurred after 2024,start,,2024,year,exact,msgbatch_01MAMQYzwFgpXmFNT65qsCPu,105e4ae4d8e52a8264a85f937a329ac261025c3f3a2c4e8ffe45914bac17f16e,
39254,38844,ITR,1100(2.1),"after November 12, 1981",start,1981-11-12,,day,exact,msgbatch_016eDcdn9uNXaHf3uegqfihG,5d4fbebf557535ebdcf651adda9f3b9d12093e3e7b3da50aedc79177fb876a4a,
39254,38844,ITR,1100(2.1),before 1983,end,,1983,year,exact,msgbatch_016eDcdn9uNXaHf3uegqfihG,5d4fbebf557535ebdcf651adda9f3b9d12093e3e7b3da50aedc79177fb876a4a,
39255,38844,ITR,1100(2.1)(a),before 1982,end,,1982,year,exact,msgbatch_01MAMQYzwFgpXmFNT65qsCPu,105e4ae4d8e52a8264a85f937a329ac261025c3f3a2c4e8ffe45914bac17f16e,
39255,38844,ITR,1100(2.1)(a),"entered into before November 13, 1981",end,1981-11-13,,day,exact,msgbatch_01MAMQYzwFgpXmFNT65qsCPu,105e4ae4d8e52a8264a85f937a329ac261025c3f3a2c4e8ffe45914bac17f16e,
39256,38844,ITR,1100(2.1)(b),before 1982,end,,1982,year,exact,msgbatch_01MAMQYzwFgpXmFNT65qsCPu,105e4ae4d8e52a8264a85f937a329ac261025c3f3a2c4e8ffe45914bac17f16e,
39256,38844,ITR,1100(2.1)(b),"before November 13, 1981",end,1981-11-13,,day,exact,msgbatch_01MAMQYzwFgpXmFNT65qsCPu,105e4ae4d8e52a8264a85f937a329ac261025c3f3a2c4e8ffe45914bac17f16e,
39257,38844,ITR,1100(2.1)(c),"substantially advanced before November 13, 1981",end,1981-11-13,,day,exact,msgbatch_01MAMQYzwFgpXmFNT65qsCPu,105e4ae4d8e52a8264a85f937a329ac261025c3f3a2c4e8ffe45914bac17f16e,
39257,38844,ITR,1100(2.1)(c),"the construction, manufacture or production commenced before June 1, 1982",end,1982-06-01,,day,exact,msgbatch_01MAMQYzwFgpXmFNT65qsCPu,105e4ae4d8e52a8264a85f937a329ac261025c3f3a2c4e8ffe45914bac17f16e,
39258,38844,ITR,1100(2.1)(d),"entered into before June 1, 1982",end,1982-06-01,,day,exact,msgbatch_01MAMQYzwFgpXmFNT65qsCPu,105e4ae4d8e52a8264a85f937a329ac261025c3f3a2c4e8ffe45914bac17f16e,
39258,38844,ITR,1100(2.1)(d),"substantially advanced before November 13, 1981",end,1981-11-13,,day,exact,msgbatch_01MAMQYzwFgpXmFNT65qsCPu,105e4ae4d8e52a8264a85f937a329ac261025c3f3a2c4e8ffe45914bac17f16e,
39298,38844,ITR,1100(2.4),"if the property had been acquired by the taxpayer after November 12, 1981",start,1981-11-12,,day,exact,msgbatch_01MAMQYzwFgpXmFNT65qsCPu,105e4ae4d8e52a8264a85f937a329ac261025c3f3a2c4e8ffe45914bac17f16e,
39441,38844,ITR,1100(22),acquired a film or tape after his 1977 taxation year,start,,1977,year,exact,msgbatch_01MAMQYzwFgpXmFNT65qsCPu,105e4ae4d8e52a8264a85f937a329ac261025c3f3a2c4e8ffe45914bac17f16e,
39441,38844,ITR,1100(22),before 1979,end,,1979,year,exact,msgbatch_01MAMQYzwFgpXmFNT65qsCPu,105e4ae4d8e52a8264a85f937a329ac261025c3f3a2c4e8ffe45914bac17f16e,
39441,38844,ITR,1100(22),"not later than March 1, 1979",end,1979-03-01,,day,exact,msgbatch_01MAMQYzwFgpXmFNT65qsCPu,105e4ae4d8e52a8264a85f937a329ac261025c3f3a2c4e8ffe45914bac17f16e,
39444,38844,ITR,1100(22)(b),"to March 1, 1979",end,1979-03-01,,day,exact,msgbatch_01MAMQYzwFgpXmFNT65qsCPu,105e4ae4d8e52a8264a85f937a329ac261025c3f3a2c4e8ffe45914bac17f16e,
39446,38844,ITR,1100(23)(a),acquired in 1987,start,,1987,year,exact,msgbatch_01MAMQYzwFgpXmFNT65qsCPu,105e4ae4d8e52a8264a85f937a329ac261025c3f3a2c4e8ffe45914bac17f16e,
39446,38844,ITR,1100(23)(a),"before July, 1988",end,1988-07,,month,exact,msgbatch_01MAMQYzwFgpXmFNT65qsCPu,105e4ae4d8e52a8264a85f937a329ac261025c3f3a2c4e8ffe45914bac17f16e,
39447,38844,ITR,1100(23)(b),acquired in 1987 or 1988,start,,1987,year,exact,msgbatch_01MAMQYzwFgpXmFNT65qsCPu,105e4ae4d8e52a8264a85f937a329ac261025c3f3a2c4e8ffe45914bac17f16e,
39447,38844,ITR,1100(23)(b),acquired in 1987 or 1988,end,,1988,year,exact,msgbatch_01MAMQYzwFgpXmFNT65qsCPu,105e4ae4d8e52a8264a85f937a329ac261025c3f3a2c4e8ffe45914bac17f16e,
39447,38844,ITR,1100(23)(b),before 1989,end,,1989,year,exact,msgbatch_01MAMQYzwFgpXmFNT65qsCPu,105e4ae4d8e52a8264a85f937a329ac261025c3f3a2c4e8ffe45914bac17f16e,
39461,38844,ITR,1100(25),"acquired by the owner after February 9, 1988",start,1988-02-09,,day,exact,msgbatch_01MAMQYzwFgpXmFNT65qsCPu,105e4ae4d8e52a8264a85f937a329ac261025c3f3a2c4e8ffe45914bac17f16e,
39483,38844,ITR,1100(27),"acquired by the person or partnership after February 9, 1988",start,1988-02-09,,day,exact,msgbatch_01MAMQYzwFgpXmFNT65qsCPu,105e4ae4d8e52a8264a85f937a329ac261025c3f3a2c4e8ffe45914bac17f16e,
39483,38844,ITR,1100(27),before 1990,end,,1990,year,exact,msgbatch_01MAMQYzwFgpXmFNT65qsCPu,105e4ae4d8e52a8264a85f937a329ac261025c3f3a2c4e8ffe45914bac17f16e,
39484,38844,ITR,1100(27)(a),"before February 10, 1988",end,1988-02-10,,day,exact,msgbatch_01MAMQYzwFgpXmFNT65qsCPu,105e4ae4d8e52a8264a85f937a329ac261025c3f3a2c4e8ffe45914bac17f16e,
39485,38844,ITR,1100(27)(b),"filed before February 10, 1988 with a public authority in Canada",end,1988-02-10,,day,exact,msgbatch_01MAMQYzwFgpXmFNT65qsCPu,105e4ae4d8e52a8264a85f937a329ac261025c3f3a2c4e8ffe45914bac17f16e,
39488,38844,ITR,1100(27)(c)(ii),"distributed before February 10, 1988",end,1988-02-10,,day,exact,msgbatch_01MAMQYzwFgpXmFNT65qsCPu,105e4ae4d8e52a8264a85f937a329ac261025c3f3a2c4e8ffe45914bac17f16e,
39489,38844,ITR,1100(27)(c)(iii),"before February 10, 1988",end,1988-02-10,,day,exact,msgbatch_01MAMQYzwFgpXmFNT65qsCPu,105e4ae4d8e52a8264a85f937a329ac261025c3f3a2c4e8ffe45914bac17f16e,
39491,38844,ITR,1100(27)(d),"before February 10, 1988",end,1988-02-10,,day,exact,msgbatch_01MAMQYzwFgpXmFNT65qsCPu,105e4ae4d8e52a8264a85f937a329ac261025c3f3a2c4e8ffe45914bac17f16e,
40331,39937,ITR,"1104(13)""producer gas""(a)",becomes available for use by the taxpayer before 2025,end,,2025,year,exact,msgbatch_01MAMQYzwFgpXmFNT65qsCPu,105e4ae4d8e52a8264a85f937a329ac261025c3f3a2c4e8ffe45914bac17f16e,
40332,39937,ITR,"1104(13)""producer gas""(b)",that becomes available for use by the taxpayer after 2024,start,,2024,year,exact,msgbatch_016eDcdn9uNXaHf3uegqfihG,5d4fbebf557535ebdcf651adda9f3b9d12093e3e7b3da50aedc79177fb876a4a,
39943,39937,ITR,"1104(2)""certified feature film""","commenced after November 18, 1974",start,1974-11-18,,day,exact,msgbatch_01MAMQYzwFgpXmFNT65qsCPu,105e4ae4d8e52a8264a85f937a329ac261025c3f3a2c4e8ffe45914bac17f16e,
39943,39937,ITR,"1104(2)""certified feature film""","the film was completed before May 26, 1976",end,1976-05-26,,day,exact,msgbatch_01MAMQYzwFgpXmFNT65qsCPu,105e4ae4d8e52a8264a85f937a329ac261025c3f3a2c4e8ffe45914bac17f16e,
39943,39937,ITR,"1104(2)""certified feature film""","the photography or art work was commenced before May 26, 1976",end,1976-05-26,,day,exact,msgbatch_01MAMQYzwFgpXmFNT65qsCPu,105e4ae4d8e52a8264a85f937a329ac261025c3f3a2c4e8ffe45914bac17f16e,
39961,39937,ITR,"1104(2)""certified production""","were commenced after May 25, 1976",start,1976-05-25,,day,exact,msgbatch_016eDcdn9uNXaHf3uegqfihG,5d4fbebf557535ebdcf651adda9f3b9d12093e3e7b3da50aedc79177fb876a4a,
39986,39937,ITR,"1104(2)""certified production""(h)",acquired in 1987,start,,1987,year,exact,msgbatch_01MAMQYzwFgpXmFNT65qsCPu,105e4ae4d8e52a8264a85f937a329ac261025c3f3a2c4e8ffe45914bac17f16e,
39986,39937,ITR,"1104(2)""certified production""(h)",commenced before the end of 1987,end,,1987,year,exact,msgbatch_01MAMQYzwFgpXmFNT65qsCPu,105e4ae4d8e52a8264a85f937a329ac261025c3f3a2c4e8ffe45914bac17f16e,
39986,39937,ITR,"1104(2)""certified production""(h)","was completed before July, 1988",end,1988-07,,month,exact,msgbatch_01MAMQYzwFgpXmFNT65qsCPu,105e4ae4d8e52a8264a85f937a329ac261025c3f3a2c4e8ffe45914bac17f16e,
39987,39937,ITR,"1104(2)""certified production""(i)",acquired in 1987 or 1988,start,,1987,year,exact,msgbatch_01MAMQYzwFgpXmFNT65qsCPu,105e4ae4d8e52a8264a85f937a329ac261025c3f3a2c4e8ffe45914bac17f16e,
39987,39937,ITR,"1104(2)""certified production""(i)",acquired in 1987 or 1988,end,,1988,year,exact,msgbatch_01MAMQYzwFgpXmFNT65qsCPu,105e4ae4d8e52a8264a85f937a329ac261025c3f3a2c4e8ffe45914bac17f16e,
39987,39937,ITR,"1104(2)""certified production""(i)",completed before 1989,end,,1989,year,exact,msgbatch_01MAMQYzwFgpXmFNT65qsCPu,105e4ae4d8e52a8264a85f937a329ac261025c3f3a2c4e8ffe45914bac17f16e,
40015,39937,ITR,"1104(2)""designated overburden removal cost""(a)",before 1988,end,,1988,year,exact,msgbatch_01MAMQYzwFgpXmFNT65qsCPu,105e4ae4d8e52a8264a85f937a329ac261025c3f3a2c4e8ffe45914bac17f16e,
40015,39937,ITR,"1104(2)""designated overburden removal cost""(a)","was incurred after November 16, 1978",start,1978-11-16,,day,exact,msgbatch_01MAMQYzwFgpXmFNT65qsCPu,105e4ae4d8e52a8264a85f937a329ac261025c3f3a2c4e8ffe45914bac17f16e,
40019,39937,ITR,"1104(2)""designated underground storage cost""","incurred by him after December 11, 1979",start,1979-12-11,,day,exact,msgbatch_01MAMQYzwFgpXmFNT65qsCPu,105e4ae4d8e52a8264a85f937a329ac261025c3f3a2c4e8ffe45914bac17f16e,
40023,39937,ITR,"1104(2)""eligible greenhouse""(b)","is acquired by the taxpayer after November 3, 2025",start,2025-11-03,,day,exact,msgbatch_01MAMQYzwFgpXmFNT65qsCPu,105e4ae4d8e52a8264a85f937a329ac261025c3f3a2c4e8ffe45914bac17f16e,
40034,39937,ITR,"1104(2)""eligible liquefaction building""","acquired by the taxpayer after February 19, 2015",start,2015-02-19,,day,exact,msgbatch_01MAMQYzwFgpXmFNT65qsCPu,105e4ae4d8e52a8264a85f937a329ac261025c3f3a2c4e8ffe45914bac17f16e,
40034,39937,ITR,"1104(2)""eligible liquefaction building""",before 2025,end,,2025,year,exact,msgbatch_01MAMQYzwFgpXmFNT65qsCPu,105e4ae4d8e52a8264a85f937a329ac261025c3f3a2c4e8ffe45914bac17f16e,
40036,39937,ITR,"1104(2)""eligible liquefaction equipment""(a)","acquired by the taxpayer after February 19, 2015",start,2015-02-19,,day,exact,msgbatch_01MAMQYzwFgpXmFNT65qsCPu,105e4ae4d8e52a8264a85f937a329ac261025c3f3a2c4e8ffe45914bac17f16e,
40036,39937,ITR,"1104(2)""eligible liquefaction equipment""(a)",before 2025,end,,2025,year,exact,msgbatch_01MAMQYzwFgpXmFNT65qsCPu,105e4ae4d8e52a8264a85f937a329ac261025c3f3a2c4e8ffe45914bac17f16e,
40042,39937,ITR,"1104(2)""eligible mine development property""","acquired by a taxpayer after March 20, 2013",start,2013-03-20,,day,exact,msgbatch_01MAMQYzwFgpXmFNT65qsCPu,105e4ae4d8e52a8264a85f937a329ac261025c3f3a2c4e8ffe45914bac17f16e,
40042,39937,ITR,"1104(2)""eligible mine development property""",before 2018,end,,2018,year,exact,msgbatch_01MAMQYzwFgpXmFNT65qsCPu,105e4ae4d8e52a8264a85f937a329ac261025c3f3a2c4e8ffe45914bac17f16e,
40043,39937,ITR,"1104(2)""eligible mine development property""(a)","if the property was acquired under a written agreement entered into by the taxpayer before March 21, 2013",end,2013-03-21,,day,exact,msgbatch_01MAMQYzwFgpXmFNT65qsCPu,105e4ae4d8e52a8264a85f937a329ac261025c3f3a2c4e8ffe45914bac17f16e,
40045,39937,ITR,"1104(2)""eligible mine development property""(b)(i)","before March 21, 2013",end,2013-03-21,,day,exact,msgbatch_01MAMQYzwFgpXmFNT65qsCPu,105e4ae4d8e52a8264a85f937a329ac261025c3f3a2c4e8ffe45914bac17f16e,
40046,39937,ITR,"1104(2)""eligible mine development property""(b)(ii)","was started by, or on behalf of, the taxpayer before March 21, 2013",end,2013-03-21,,day,exact,msgbatch_01MAMQYzwFgpXmFNT65qsCPu,105e4ae4d8e52a8264a85f937a329ac261025c3f3a2c4e8ffe45914bac17f16e,
40048,39937,ITR,"1104(2)""eligible mine development property""(c)(i)","was started by, or on behalf of, the taxpayer before March 21, 2013",end,2013-03-21,,day,exact,msgbatch_01MAMQYzwFgpXmFNT65qsCPu,105e4ae4d8e52a8264a85f937a329ac261025c3f3a2c4e8ffe45914bac17f16e,
40049,39937,ITR,"1104(2)""eligible mine development property""(c)(ii)","was started by, or on behalf of, the taxpayer before March 21, 2013",end,2013-03-21,,day,exact,msgbatch_01MAMQYzwFgpXmFNT65qsCPu,105e4ae4d8e52a8264a85f937a329ac261025c3f3a2c4e8ffe45914bac17f16e,
40050,39937,ITR,"1104(2)""eligible non-residential building""","acquired by the taxpayer on or after March 19, 2007",start,2007-03-19,,day,exact,msgbatch_01MAMQYzwFgpXmFNT65qsCPu,105e4ae4d8e52a8264a85f937a329ac261025c3f3a2c4e8ffe45914bac17f16e,
40050,39937,ITR,"1104(2)""eligible non-residential building""","that was used, or acquired for use, by any person or partnership before March 19, 2007",start,2007-03-19,,day,exact,msgbatch_01MAMQYzwFgpXmFNT65qsCPu,105e4ae4d8e52a8264a85f937a329ac261025c3f3a2c4e8ffe45914bac17f16e,
40068,39937,ITR,"1104(2)""new purpose-built residential rental""(a)(i)",before 2031,end,,2031,year,exact,msgbatch_01MAMQYzwFgpXmFNT65qsCPu,105e4ae4d8e52a8264a85f937a329ac261025c3f3a2c4e8ffe45914bac17f16e,
40068,39937,ITR,"1104(2)""new purpose-built residential rental""(a)(i)","construction began after April 15, 2024",start,2024-04-15,,day,exact,msgbatch_01MAMQYzwFgpXmFNT65qsCPu,105e4ae4d8e52a8264a85f937a329ac261025c3f3a2c4e8ffe45914bac17f16e,
40069,39937,ITR,"1104(2)""new purpose-built residential rental""(a)(ii)",before 2031,end,,2031,year,exact,msgbatch_01MAMQYzwFgpXmFNT65qsCPu,105e4ae4d8e52a8264a85f937a329ac261025c3f3a2c4e8ffe45914bac17f16e,
40069,39937,ITR,"1104(2)""new purpose-built residential rental""(a)(ii)","the renovations began after April 15, 2024",start,2024-04-15,,day,exact,msgbatch_01MAMQYzwFgpXmFNT65qsCPu,105e4ae4d8e52a8264a85f937a329ac261025c3f3a2c4e8ffe45914bac17f16e,
40070,39937,ITR,"1104(2)""new purpose-built residential rental""(b)",becomes available for use before 2036,end,,2036,year,exact,msgbatch_01MAMQYzwFgpXmFNT65qsCPu,105e4ae4d8e52a8264a85f937a329ac261025c3f3a2c4e8ffe45914bac17f16e,
40090,39937,ITR,"1104(2)""specified development phase""(a)","before March 19, 2007",end,2007-03-19,,day,exact,msgbatch_01MAMQYzwFgpXmFNT65qsCPu,105e4ae4d8e52a8264a85f937a329ac261025c3f3a2c4e8ffe45914bac17f16e,
40096,39937,ITR,"1104(2)""specified oil sands property""",acquired by the taxpayer before 2012,end,,2012,year,exact,msgbatch_01MAMQYzwFgpXmFNT65qsCPu,105e4ae4d8e52a8264a85f937a329ac261025c3f3a2c4e8ffe45914bac17f16e,
40100,39937,ITR,"1104(2)""specified oil sands property""(b)(ii)","as of March 19, 2007",start,2007-03-19,,day,exact,msgbatch_01MAMQYzwFgpXmFNT65qsCPu,105e4ae4d8e52a8264a85f937a329ac261025c3f3a2c4e8ffe45914bac17f16e,
40134,39937,ITR,"1104(3.1)""immediate expensing property""(a)(i)","after April 18, 2021",start,2021-04-18,,day,exact,msgbatch_01MAMQYzwFgpXmFNT65qsCPu,105e4ae4d8e52a8264a85f937a329ac261025c3f3a2c4e8ffe45914bac17f16e,
40135,39937,ITR,"1104(3.1)""immediate expensing property""(a)(ii)","after December 31, 2021",start,2021-12-31,,day,exact,msgbatch_01MAMQYzwFgpXmFNT65qsCPu,105e4ae4d8e52a8264a85f937a329ac261025c3f3a2c4e8ffe45914bac17f16e,
40137,39937,ITR,"1104(3.1)""immediate expensing property""(b)(i)",before 2025,end,,2025,year,exact,msgbatch_01MAMQYzwFgpXmFNT65qsCPu,105e4ae4d8e52a8264a85f937a329ac261025c3f3a2c4e8ffe45914bac17f16e,
40138,39937,ITR,"1104(3.1)""immediate expensing property""(b)(ii)",before 2024,end,,2024,year,exact,msgbatch_01MAMQYzwFgpXmFNT65qsCPu,105e4ae4d8e52a8264a85f937a329ac261025c3f3a2c4e8ffe45914bac17f16e,
40171,39937,ITR,1104(4)(a),becomes available for use before 2028,end,,2028,year,exact,msgbatch_01MAMQYzwFgpXmFNT65qsCPu,105e4ae4d8e52a8264a85f937a329ac261025c3f3a2c4e8ffe45914bac17f16e,
40171,39937,ITR,1104(4)(a),before 2025,end,,2025,year,exact,msgbatch_01MAMQYzwFgpXmFNT65qsCPu,105e4ae4d8e52a8264a85f937a329ac261025c3f3a2c4e8ffe45914bac17f16e,
40171,39937,ITR,1104(4)(a),"is acquired by the taxpayer after November 20, 2018",start,2018-11-20,,day,exact,msgbatch_01MAMQYzwFgpXmFNT65qsCPu,105e4ae4d8e52a8264a85f937a329ac261025c3f3a2c4e8ffe45914bac17f16e,
40180,39937,ITR,1104(4.01)(a),becomes available for use before 2034,end,,2034,year,exact,msgbatch_01MAMQYzwFgpXmFNT65qsCPu,105e4ae4d8e52a8264a85f937a329ac261025c3f3a2c4e8ffe45914bac17f16e,
40180,39937,ITR,1104(4.01)(a),is acquired by the taxpayer after 2024,start,,2024,year,exact,msgbatch_01MAMQYzwFgpXmFNT65qsCPu,105e4ae4d8e52a8264a85f937a329ac261025c3f3a2c4e8ffe45914bac17f16e,
40189,39937,ITR,1104(4.1)(a),"incurred before November 21, 2018",end,2018-11-21,,day,exact,msgbatch_01MAMQYzwFgpXmFNT65qsCPu,105e4ae4d8e52a8264a85f937a329ac261025c3f3a2c4e8ffe45914bac17f16e,
40190,39937,ITR,1104(4.1)(b),"incurred after November 20, 2018",start,2018-11-20,,day,exact,msgbatch_01MAMQYzwFgpXmFNT65qsCPu,105e4ae4d8e52a8264a85f937a329ac261025c3f3a2c4e8ffe45914bac17f16e,
40192,39937,ITR,1104(4.11)(a),incurred before 2025,end,,2025,year,exact,msgbatch_01MAMQYzwFgpXmFNT65qsCPu,105e4ae4d8e52a8264a85f937a329ac261025c3f3a2c4e8ffe45914bac17f16e,
40193,39937,ITR,1104(4.11)(b),incurred after 2024,start,,2024,year,exact,msgbatch_01MAMQYzwFgpXmFNT65qsCPu,105e4ae4d8e52a8264a85f937a329ac261025c3f3a2c4e8ffe45914bac17f16e,
42035,41849,ITR,2400(10),the first taxation year that begins after 2022,start,,2022,year,exact,msgbatch_01MAMQYzwFgpXmFNT65qsCPu,105e4ae4d8e52a8264a85f937a329ac261025c3f3a2c4e8ffe45914bac17f16e,
42033,41849,ITR,2400(8),"taxation year that included September 30, 2006",at,2006-09-30,,day,exact,msgbatch_01VXS4B4na17QrTVMPFLjs8f,cac8c075da7afb4bade5f8a660c0932dc8998789912e81a958adf8778317496d,none
42034,41849,ITR,2400(9),"taxation year that included December 31, 2010",start,2010-12-31,,day,exact,msgbatch_01MAMQYzwFgpXmFNT65qsCPu,105e4ae4d8e52a8264a85f937a329ac261025c3f3a2c4e8ffe45914bac17f16e,
44222,44195,ITR,"5907(1)""exempt earnings""(a.1)~f1","taxation years that ended before February 28, 2000",end,2000-02-28,,day,exact,msgbatch_01MAMQYzwFgpXmFNT65qsCPu,105e4ae4d8e52a8264a85f937a329ac261025c3f3a2c4e8ffe45914bac17f16e,
44223,44195,ITR,"5907(1)""exempt earnings""(b)",where the year is the 1975 or any preceding taxation year of the particular affiliate,end,,1975,year,exact,msgbatch_01MAMQYzwFgpXmFNT65qsCPu,105e4ae4d8e52a8264a85f937a329ac261025c3f3a2c4e8ffe45914bac17f16e,
44224,44195,ITR,"5907(1)""exempt earnings""(c)",where the year is the 1975 or any preceding taxation year of the particular affiliate,end,,1975,year,exact,msgbatch_01MAMQYzwFgpXmFNT65qsCPu,105e4ae4d8e52a8264a85f937a329ac261025c3f3a2c4e8ffe45914bac17f16e,
44225,44195,ITR,"5907(1)""exempt earnings""(d)",where the year is the 1976 or any subsequent taxation year of the particular affiliate,start,,1976,year,exact,msgbatch_01MAMQYzwFgpXmFNT65qsCPu,105e4ae4d8e52a8264a85f937a329ac261025c3f3a2c4e8ffe45914bac17f16e,
44247,44195,ITR,"5907(1)""exempt earnings""(e)",where the year is the 1976 or any subsequent taxation year of the particular affiliate,start,,1976,year,exact,msgbatch_01MAMQYzwFgpXmFNT65qsCPu,105e4ae4d8e52a8264a85f937a329ac261025c3f3a2c4e8ffe45914bac17f16e,
44259,44195,ITR,"5907(1)""exempt loss""(b)",where the year is the 1975 or any preceding taxation year of the affiliate,end,,1975,year,exact,msgbatch_01MAMQYzwFgpXmFNT65qsCPu,105e4ae4d8e52a8264a85f937a329ac261025c3f3a2c4e8ffe45914bac17f16e,
44265,44195,ITR,"5907(1)""exempt loss""(c)",where the year is the 1976 or any subsequent taxation year of the affiliate,start,,1976,year,exact,msgbatch_01MAMQYzwFgpXmFNT65qsCPu,105e4ae4d8e52a8264a85f937a329ac261025c3f3a2c4e8ffe45914bac17f16e,
44271,44195,ITR,"5907(1)""exempt loss""(d)",where the year is the 1976 or any subsequent taxation year of the affiliate,start,,1976,year,exact,msgbatch_01MAMQYzwFgpXmFNT65qsCPu,105e4ae4d8e52a8264a85f937a329ac261025c3f3a2c4e8ffe45914bac17f16e,
44276,44195,ITR,"5907(1)""exempt surplus""~f1","dividends paid on or before August 19, 2011",end,2011-08-19,,day,exact,msgbatch_01MAMQYzwFgpXmFNT65qsCPu,105e4ae4d8e52a8264a85f937a329ac261025c3f3a2c4e8ffe45914bac17f16e,
44276,44195,ITR,"5907(1)""exempt surplus""~f1","taxation years that end before February 22, 1994",end,1994-02-22,,day,exact,msgbatch_01MAMQYzwFgpXmFNT65qsCPu,105e4ae4d8e52a8264a85f937a329ac261025c3f3a2c4e8ffe45914bac17f16e,
44301,44195,ITR,"5907(1)""net earnings""(c)(i)","have accrued after November 12, 1981",start,1981-11-12,,day,exact,msgbatch_01MAMQYzwFgpXmFNT65qsCPu,105e4ae4d8e52a8264a85f937a329ac261025c3f3a2c4e8ffe45914bac17f16e,
44306,44195,ITR,"5907(1)""net earnings""(e)(i)",that accrued after its 1975 taxation year,start,,1975,year,exact,msgbatch_01MAMQYzwFgpXmFNT65qsCPu,105e4ae4d8e52a8264a85f937a329ac261025c3f3a2c4e8ffe45914bac17f16e,
44314,44195,ITR,"5907(1)""net earnings""(f)(iv)",that accrued after its 1975 taxation year,start,,1975,year,exact,msgbatch_01MAMQYzwFgpXmFNT65qsCPu,105e4ae4d8e52a8264a85f937a329ac261025c3f3a2c4e8ffe45914bac17f16e,
44331,44195,ITR,"5907(1)""net loss""(c)(i)","accrued after November 12, 1981",start,1981-11-12,,day,exact,msgbatch_01MAMQYzwFgpXmFNT65qsCPu,105e4ae4d8e52a8264a85f937a329ac261025c3f3a2c4e8ffe45914bac17f16e,
44336,44195,ITR,"5907(1)""net loss""(e)(i)",that accrued after its 1975 taxation year,start,,1975,year,exact,msgbatch_01MAMQYzwFgpXmFNT65qsCPu,105e4ae4d8e52a8264a85f937a329ac261025c3f3a2c4e8ffe45914bac17f16e,
44344,44195,ITR,"5907(1)""net loss""(f)(iv)",that accrued after its 1975 taxation year,start,,1975,year,exact,msgbatch_01MAMQYzwFgpXmFNT65qsCPu,105e4ae4d8e52a8264a85f937a329ac261025c3f3a2c4e8ffe45914bac17f16e,
44361,44195,ITR,"5907(1)""taxable earnings""(a)",where the year is the 1975 or any preceding taxation year of the affiliate,end,,1975,year,exact,msgbatch_01MAMQYzwFgpXmFNT65qsCPu,105e4ae4d8e52a8264a85f937a329ac261025c3f3a2c4e8ffe45914bac17f16e,
44374,44195,ITR,"5907(1)""taxable loss""(a)",where the year is the 1975 or any preceding taxation year of the affiliate,end,,1975,year,exact,msgbatch_01MAMQYzwFgpXmFNT65qsCPu,105e4ae4d8e52a8264a85f937a329ac261025c3f3a2c4e8ffe45914bac17f16e,
44385,44195,ITR,"5907(1)""taxable surplus""~f1","dividends paid on or before August 19, 2011",end,2011-08-19,,day,exact,msgbatch_01MAMQYzwFgpXmFNT65qsCPu,105e4ae4d8e52a8264a85f937a329ac261025c3f3a2c4e8ffe45914bac17f16e,
44385,44195,ITR,"5907(1)""taxable surplus""~f1","taxation years that end before February 22, 1994",end,1994-02-22,,day,exact,msgbatch_01MAMQYzwFgpXmFNT65qsCPu,105e4ae4d8e52a8264a85f937a329ac261025c3f3a2c4e8ffe45914bac17f16e,
44390,44195,ITR,"5907(1)""underlying foreign tax""~f1","as it applies to taxation years that end before February 22, 1994",end,1994-02-22,,day,exact,msgbatch_01MAMQYzwFgpXmFNT65qsCPu,105e4ae4d8e52a8264a85f937a329ac261025c3f3a2c4e8ffe45914bac17f16e,
44724,44195,ITR,5907(10)(c),"before January 1, 1976",end,1976-01-01,,day,exact,msgbatch_01MAMQYzwFgpXmFNT65qsCPu,105e4ae4d8e52a8264a85f937a329ac261025c3f3a2c4e8ffe45914bac17f16e,
44724,44195,ITR,5907(10)(c),"entered into before January 1, 1976",end,1976-01-01,,day,exact,msgbatch_01MAMQYzwFgpXmFNT65qsCPu,105e4ae4d8e52a8264a85f937a329ac261025c3f3a2c4e8ffe45914bac17f16e,
44732,44195,ITR,5907(11.2)(c),that has not been amended after 1994,start,,1994,year,exact,msgbatch_01MAMQYzwFgpXmFNT65qsCPu,105e4ae4d8e52a8264a85f937a329ac261025c3f3a2c4e8ffe45914bac17f16e,
44732,44195,ITR,5907(11.2)(c),where the agreement or convention entered into force before 1995,end,,1995,year,exact,msgbatch_01MAMQYzwFgpXmFNT65qsCPu,105e4ae4d8e52a8264a85f937a329ac261025c3f3a2c4e8ffe45914bac17f16e,
44623,44195,ITR,5907(2.03)(a),"ends after August 19, 2011",start,2011-08-19,,day,exact,msgbatch_01MAMQYzwFgpXmFNT65qsCPu,105e4ae4d8e52a8264a85f937a329ac261025c3f3a2c4e8ffe45914bac17f16e,
44626,44195,ITR,5907(2.03)(b),"any preceding taxation year that ended on or before August 19, 2011",end,2011-08-19,,day,exact,msgbatch_01MAMQYzwFgpXmFNT65qsCPu,105e4ae4d8e52a8264a85f937a329ac261025c3f3a2c4e8ffe45914bac17f16e,
44654,44195,ITR,5907(2.6)(a),"June 30, 1986",end,1986-06-30,,day,exact,msgbatch_01VXS4B4na17QrTVMPFLjs8f,cac8c075da7afb4bade5f8a660c0932dc8998789912e81a958adf8778317496d,parent
44685,44195,ITR,5907(3),"on January 1, 1972, a foreign affiliate of a taxpayer",at,1972-01-01,,day,exact,msgbatch_01994ACyYJVJfcoySYAdCGaw,5d4fbebf557535ebdcf651adda9f3b9d12093e3e7b3da50aedc79177fb876a4a,
45692,45655,ITR,7305(1)(g),the 2002 calendar year are,step_down,,2002,year,exact,msgbatch_01MAMQYzwFgpXmFNT65qsCPu,105e4ae4d8e52a8264a85f937a329ac261025c3f3a2c4e8ffe45914bac17f16e,
45703,45655,ITR,7305(1)(i),in the 2004 calendar year,step_down,,2004,year,exact,msgbatch_01MAMQYzwFgpXmFNT65qsCPu,105e4ae4d8e52a8264a85f937a329ac261025c3f3a2c4e8ffe45914bac17f16e,
45711,45655,ITR,7305(1)(k),the 2007 calendar year are,step_down,,2007,year,exact,msgbatch_01MAMQYzwFgpXmFNT65qsCPu,105e4ae4d8e52a8264a85f937a329ac261025c3f3a2c4e8ffe45914bac17f16e,
45807,45805,ITR,7305.02(1)(a),in respect of the 2008 calendar year,start,,2008,year,exact,msgbatch_01MAMQYzwFgpXmFNT65qsCPu,105e4ae4d8e52a8264a85f937a329ac261025c3f3a2c4e8ffe45914bac17f16e,
45810,45805,ITR,7305.02(1)(b),in respect of the 2009 calendar year,start,,2009,year,exact,msgbatch_01MAMQYzwFgpXmFNT65qsCPu,105e4ae4d8e52a8264a85f937a329ac261025c3f3a2c4e8ffe45914bac17f16e,
45811,45805,ITR,7305.02(1)(c),in respect of the 2010 calendar year,step_down,,2010,year,exact,msgbatch_01MAMQYzwFgpXmFNT65qsCPu,105e4ae4d8e52a8264a85f937a329ac261025c3f3a2c4e8ffe45914bac17f16e,
45814,45805,ITR,7305.02(1)(d),in respect of the 2011 calendar year,start,,2011,year,exact,msgbatch_01MAMQYzwFgpXmFNT65qsCPu,105e4ae4d8e52a8264a85f937a329ac261025c3f3a2c4e8ffe45914bac17f16e,
